transaction_id,user_id,device_id,merchant_id,amount,timestamp,label
56c0440b-132d-447a-aa4d-94c04e4c7413,2399,dev_4145,merch_1117,257.31,2025-07-10 13:46:48,0
583d0ed3-36a7-4de0-ab4e-d0396114cca0,8628,dev_6185,merch_6387,2505.2,2025-07-10 19:49:35,0
296ac9ce-5133-49ff-af8d-304fa24bf7e6,5537,dev_2083,merch_4075,2239.48,2025-07-10 04:45:15,0
f45092db-2db3-47c8-b6d8-2caca353eb1b,9898,dev_6090,merch_3437,9385.87,2025-07-09 23:25:24,1
5c95dc03-525a-4431-aeba-b3d5b0d4620b,6604,dev_2206,merch_7399,2967.46,2025-07-10 13:17:57,0
b8fdeb3a-32d7-4651-99d4-b5943c2ad234,8917,dev_8255,merch_5790,258.81,2025-07-10 09:45:25,0
ed4996c3-b29b-4743-8485-c4693b4ec38e,1228,dev_2158,merch_7117,2129.57,2025-07-10 14:28:35,0
8c773aa3-b7a3-4306-a614-a91a98f199e8,3878,dev_6129,merch_7503,4478.16,2025-07-10 17:31:13,0
31eb724d-cd42-464e-8bb4-8ab38acd13c8,5309,dev_1953,merch_9977,2227.92,2025-07-10 09:01:03,0
9817c578-2786-4bc4-bd63-c871730fe5e6,2574,dev_3836,merch_1471,1612.77,2025-07-10 03:36:32,0
5f190e46-d30d-4cd7-8dd9-30e441f58540,6521,dev_7638,merch_8204,3010.75,2025-07-10 13:51:05,0
6b4c7f12-c0ce-4915-b479-d6d22bb88aa7,4794,dev_6008,merch_7743,2909.78,2025-07-10 18:56:38,0
b769bb15-42bf-4244-bdc7-454ff4ef28ec,9399,dev_5578,merch_9676,324.68,2025-07-10 00:48:21,0
9c2e1d20-f451-4f36-ac20-c2964beeef25,6488,dev_9598,merch_4643,911.86,2025-07-10 15:29:11,0
5f293f4a-5f6e-4f33-a631-c011c161bcd1,7748,dev_7459,merch_9430,7782.27,2025-07-10 19:06:33,0
aacd5681-f862-4270-858d-090d6bd553d5,3162,dev_4177,merch_1258,11293.54,2025-07-10 18:58:02,0
bbb2d495-7209-43d0-9abf-30c240a66810,5661,dev_6812,merch_1834,458.09,2025-07-09 22:46:04,0
7060d2c7-2b38-4234-87ad-95479d5dec17,7370,dev_9718,merch_9894,1906.53,2025-07-10 16:36:26,0
61ebe807-99ed-483e-b75f-8f7be77883c6,9978,dev_5005,merch_1685,5312.08,2025-07-10 02:04:59,0
1744d0e4-d751-4263-b763-3110b36f122c,6125,dev_8886,merch_9739,384.98,2025-07-10 03:35:43,0
5836c7b1-5f9a-44cf-8db6-234f9e9d02aa,9179,dev_8715,merch_7929,8886.37,2025-07-10 17:51:13,0
3694bfd4-ff5f-4fb7-ae6a-f5f6fc2acd58,1033,dev_2651,merch_1444,4369.23,2025-07-10 02:17:29,0
582641ec-00b5-4e90-aefb-f1b3d527506f,9193,dev_7748,merch_8110,3670.41,2025-07-10 13:43:32,0
3c4296a9-ac0e-4dc5-8143-4ed85c08be23,2326,dev_9692,merch_2981,11113.05,2025-07-10 14:36:20,0
64ae7f3d-4f16-4fed-a399-ce5c828b8dab,9380,dev_6740,merch_9164,2948.71,2025-07-10 07:10:03,0
6b33be2f-be1b-40ed-80ee-2baa87fe0346,6749,dev_1187,merch_9373,951.56,2025-07-10 18:12:52,0
6c8b66f9-e4d6-4b21-86aa-28ef467e3ef8,7953,dev_6490,merch_7370,3726.77,2025-07-10 06:59:14,0
d874aab5-247d-4abf-8099-1b8dfb938b56,1377,dev_2403,merch_4679,3958.75,2025-07-10 18:40:21,0
dc40b2ef-7058-4fa2-b30c-b80d680aac2d,8144,dev_1260,merch_6344,113.32,2025-07-10 03:25:08,0
50391152-9379-41ed-916a-450c60bc9975,9208,dev_1166,merch_6137,930.97,2025-07-10 01:29:07,0
85b1ee35-2a6e-4a45-83ef-60d62d538d8d,2519,dev_9190,merch_7251,439.9,2025-07-10 00:51:48,0
0a4a05c2-1caa-4a4c-acca-aaacd6450fae,4582,dev_5127,merch_3562,561.25,2025-07-10 05:00:30,0
a5c0e33a-5d43-49fc-8e99-f456685e6f0a,6773,dev_4759,merch_4485,1998.68,2025-07-10 06:30:35,0
bc0890b5-aeda-4d15-a180-715c59cebac0,7238,dev_4501,merch_2014,2310.79,2025-07-10 21:07:36,0
702bb56a-6890-42d0-898e-bbcb33f91498,9273,dev_7324,merch_2364,309.0,2025-07-10 03:40:40,0
57a6f6ba-14ce-433e-8884-7d11c5b6a3dd,8470,dev_1568,merch_7769,6368.35,2025-07-10 12:09:47,0
9f033005-9927-4455-acaa-be4d3c3ab0c6,9527,dev_5806,merch_5234,1232.67,2025-07-09 21:47:16,0
f3b4d432-b27f-4ca4-b469-057acc13482e,4868,dev_3942,merch_2972,86.78,2025-07-10 10:51:04,0
32c2cc79-a71c-46f7-9c35-95b7f0425c78,1066,dev_7402,merch_2390,4216.16,2025-07-10 00:14:34,0
5a3b1cd0-61e5-462a-86c6-bc1c1da28159,7766,dev_2711,merch_3731,2810.41,2025-07-10 19:22:37,0
8d90ceaa-0634-4ce5-89d5-9f9785259b19,1544,dev_6471,merch_5822,4062.73,2025-07-10 08:42:55,0
efa1cec2-8ee8-4128-af99-b58b1ae9b83d,2237,dev_1682,merch_9839,1348.83,2025-07-09 23:32:24,0
270fe420-2323-40e2-a41a-a4d0573be588,1668,dev_9934,merch_5072,1570.0,2025-07-10 02:56:18,1
0e04abef-0732-498a-ac96-86a03e1f4f05,3819,dev_8037,merch_8161,4947.85,2025-07-10 08:23:11,0
ed00e3c2-c2a8-4120-bb36-3fea82981517,4815,dev_4641,merch_3833,377.09,2025-07-10 02:29:16,0
618ad5f8-08ac-4954-8501-ab39676273ea,5506,dev_8982,merch_7963,1026.03,2025-07-10 05:18:14,0
4622423f-ff9e-4d76-b396-a0a4262ce427,5219,dev_2936,merch_6746,4550.62,2025-07-10 11:17:44,0
16e133e2-44c8-4d8f-a700-c967354f9311,2084,dev_2336,merch_7678,2532.82,2025-07-10 06:52:55,0
02a99349-c2b9-443b-8687-d5fefca39cb0,7713,dev_6785,merch_3614,2986.97,2025-07-10 16:08:35,0
3f1ed469-6b21-4802-af93-ac3e54577610,1027,dev_3227,merch_9692,2229.55,2025-07-10 17:54:54,0
24124807-9314-4fc5-a12e-33ce90bf5919,3432,dev_1907,merch_1135,896.91,2025-07-10 20:14:52,0
813e51d2-8eae-4d2b-8e7e-d2f870571347,2512,dev_9454,merch_1863,3870.91,2025-07-09 23:17:03,0
dc1fcc16-83e4-4231-9032-98a109f9a715,7326,dev_9031,merch_5508,727.35,2025-07-09 23:35:04,0
268a3391-f4a8-4918-b805-84b87e3fc9dd,9084,dev_1320,merch_8523,272.45,2025-07-09 23:35:54,0
2c3bd1f0-fe31-4ff5-8845-eeb94cfd831a,9899,dev_7300,merch_9286,1248.28,2025-07-10 11:56:54,0
91b40efe-c768-49f1-8b8d-3862645aa95a,2598,dev_4249,merch_9579,543.68,2025-07-10 04:17:42,0
1aae55ce-facf-44b3-877b-df9e3dfdc777,4729,dev_8695,merch_5247,6218.92,2025-07-10 11:10:22,0
9eb219a0-c2ff-4d1c-a709-632bd19da190,3957,dev_2349,merch_9136,3244.88,2025-07-10 05:10:26,0
0f7f671f-0865-483d-bba8-b6e908c0dba5,7645,dev_8164,merch_9331,1607.33,2025-07-09 22:45:45,0
12b0d7b4-341e-4fb9-9832-6155e166d2c3,2840,dev_5990,merch_9461,1322.76,2025-07-10 18:12:07,0
2cdc6db9-9b3f-49ef-a918-3de0ed7bb1fb,1144,dev_3187,merch_9917,17.12,2025-07-10 12:36:34,0
9474ebaf-2832-4571-ab77-af3680a76b8f,8562,dev_9020,merch_5534,4998.16,2025-07-10 16:14:52,0
e0030bc9-737d-4e62-90eb-06f2b763047d,8422,dev_2604,merch_1340,3459.71,2025-07-09 22:21:28,0
713c520e-2f88-44da-9717-e20edf0f6b39,9508,dev_6043,merch_2763,523.73,2025-07-10 02:59:44,0
19347b74-5b40-4bef-956b-62782114af50,2098,dev_3849,merch_7190,409.66,2025-07-10 16:17:15,0
8bb07498-2ed5-4c50-9e6d-ab388513090e,4435,dev_2290,merch_9713,438.97,2025-07-10 11:05:02,0
5b46d7be-63e9-4cda-96d9-9bd036a71df9,3577,dev_5195,merch_3330,3106.41,2025-07-10 05:19:57,0
239098be-9b56-4cb3-949c-4f20042366a7,8925,dev_4729,merch_4728,8212.71,2025-07-10 04:29:49,0
cc99dcd4-ede0-4400-8e44-6d15ba945700,2171,dev_5100,merch_5701,2640.83,2025-07-10 16:31:46,0
0bc251b1-b344-44ca-8b46-d4c8e59794b4,8969,dev_8807,merch_7588,1016.12,2025-07-10 05:17:01,0
38036780-425b-439b-a9cc-42e4876fb530,8368,dev_9951,merch_6103,1632.46,2025-07-10 15:58:12,0
93f230c0-51ac-4fc8-8812-1fb038328433,5701,dev_6887,merch_6813,1576.95,2025-07-10 05:03:12,0
d0964f75-a63e-4fd7-9c59-de47e421e079,6669,dev_7877,merch_1358,1565.19,2025-07-09 23:58:48,0
91928f2e-77e1-4dff-bdf4-b54320703783,6039,dev_8607,merch_6002,886.1,2025-07-10 09:39:16,0
8f1064f1-7c22-49c0-babd-ca75fb79984e,2873,dev_2554,merch_2782,2982.38,2025-07-10 02:59:24,0
741d5259-ec34-4d32-b63a-c13a980583aa,9070,dev_6956,merch_1345,1934.3,2025-07-10 16:21:29,0
e603869b-49b7-4ba0-b397-0a4b823f0e4d,6151,dev_7977,merch_2737,926.22,2025-07-10 02:06:11,0
259ff9b1-8cdb-4f1c-8fd2-c9f521479de9,7759,dev_4327,merch_4089,3425.75,2025-07-10 10:49:26,0
a6407020-19c3-4746-9d6f-4059dbd3a9fe,6142,dev_2887,merch_9402,1869.29,2025-07-10 07:47:34,0
e7cd782e-f0a3-4c61-a683-3c3d2a93ddaf,1204,dev_9205,merch_6130,2456.06,2025-07-10 19:52:52,0
eddf6948-90f0-480c-9faa-9df4887f9579,5915,dev_1936,merch_6333,5507.44,2025-07-09 21:38:04,0
ad47587a-606b-4dd4-bfbd-d19487f8155b,6557,dev_8576,merch_3729,756.87,2025-07-10 07:18:36,0
8a7420c8-0acf-4edc-ab0e-c1e79e8cfbab,7799,dev_9425,merch_5440,537.95,2025-07-10 18:51:06,0
18e5920a-29ea-48e5-9b6d-caf54075ce4e,2142,dev_6623,merch_8303,88.87,2025-07-10 18:05:46,0
213dd024-aaac-468a-9b8f-382676b1b701,8026,dev_3402,merch_3819,3680.84,2025-07-09 22:10:33,0
846644e9-fb51-42ec-9fa4-d305d6a1de9b,5872,dev_8327,merch_6501,53.12,2025-07-10 05:29:48,0
81072f30-664f-489e-8925-9dd7015588ee,5560,dev_6338,merch_8842,1988.22,2025-07-10 04:18:07,0
f42cf8f7-749a-4a7d-ba9f-b6190cfbeb3e,5116,dev_5843,merch_7686,8360.05,2025-07-10 16:03:20,0
e629ec7c-25be-4a6c-a2bb-fef962240781,8825,dev_3599,merch_6863,8505.01,2025-07-10 08:32:11,0
08a8ee51-7253-46b6-bf3b-a54856112f34,4446,dev_8277,merch_9980,7697.96,2025-07-10 20:00:01,0
3b639bda-a4e6-481a-961b-fedaf85c0c21,1308,dev_5417,merch_6076,5035.0,2025-07-10 12:10:05,0
bd67db69-b79d-4e95-b52d-761d092676ab,5291,dev_3576,merch_3787,6760.86,2025-07-10 17:27:46,0
a9445ba0-e2b9-44b9-87e5-876b1e0180c4,5621,dev_2232,merch_8196,7582.4,2025-07-10 08:01:16,0
b215df11-5044-4be1-9c29-578d0a48323d,2158,dev_4635,merch_8894,1210.51,2025-07-10 05:52:13,0
e9245d7b-2605-46bf-910c-b5acbab611e1,3801,dev_8158,merch_9782,283.75,2025-07-10 00:13:38,0
bd6a4413-2962-47e8-aef9-798bf326fa10,9410,dev_8594,merch_8773,1773.26,2025-07-10 01:49:11,0
571b3857-bf2e-4d7b-b58a-e1ff11e5ae3a,1804,dev_6573,merch_5952,5885.28,2025-07-10 10:05:59,0
e7148775-1066-4418-81e0-549e1e748764,4580,dev_3328,merch_3478,1706.18,2025-07-10 09:33:16,0
8e90015a-63b1-4b90-a5ad-5890c224a8b4,4974,dev_8701,merch_3677,704.23,2025-07-09 22:50:55,0
a4bce0fc-08b7-4199-8547-eff3926bd454,5302,dev_6489,merch_2604,2862.29,2025-07-10 17:38:46,0
f3a23799-4dd1-49e1-b5ad-9d65d884e6f0,9762,dev_3658,merch_4449,4656.25,2025-07-10 03:51:05,0
31cc5586-8584-45d0-8434-b81afbcc5170,2075,dev_8013,merch_7030,2684.13,2025-07-10 17:31:35,0
f454fa4b-5269-4b78-ba26-29a80e36b762,4942,dev_7519,merch_4129,2556.78,2025-07-10 07:29:26,0
e0cacd12-6e10-438c-8b24-782f66092d69,1971,dev_3698,merch_6952,3281.26,2025-07-10 05:43:06,0
1aa9336c-61f2-4760-b034-9c60bcecc9bd,5662,dev_2271,merch_9211,1027.96,2025-07-10 20:04:30,0
e4608624-9bbe-430c-bd37-606d0e55b8ca,6867,dev_5027,merch_4116,1260.75,2025-07-10 01:33:45,0
109251b8-7dbe-4f12-a82e-369e4c09404c,6224,dev_4967,merch_2779,1374.52,2025-07-10 07:48:32,0
0ea250fc-8ea4-45ad-91d1-ab469c077a98,3270,dev_2411,merch_6456,2032.07,2025-07-10 12:37:28,0
acd44209-a9be-48fd-9b89-fd1bb257bb32,6276,dev_6947,merch_1980,838.51,2025-07-09 21:40:02,0
68f6677d-d9cf-40a8-9137-fd05bd5c77f3,2835,dev_3648,merch_2760,3862.51,2025-07-10 02:50:33,0
3d43ddbe-df88-4b36-bc00-654c7839799f,3866,dev_4753,merch_7733,2094.93,2025-07-10 08:18:22,0
8faa407a-2d04-456c-808d-faa58dbfa7a0,8761,dev_5521,merch_4024,4825.26,2025-07-10 20:19:58,0
d2a7956a-79e5-4b26-85da-8d739dc0de91,6707,dev_8081,merch_4071,5442.27,2025-07-09 21:30:37,0
3bd5b7d5-e0e5-4009-9487-32e9551967f4,1066,dev_2489,merch_6244,6365.04,2025-07-09 22:07:15,0
59db83e8-d428-4105-9ef0-72e5291c44e7,2826,dev_8468,merch_4265,3291.77,2025-07-10 20:23:24,0
ddea97d9-def8-4924-863c-46921a1e584c,9664,dev_4380,merch_3603,8099.31,2025-07-10 19:45:56,0
b0365ca0-a0da-40e5-ae3d-c621700b1893,7598,dev_9733,merch_7190,6739.88,2025-07-10 12:39:15,0
c35fcc8d-93bc-4c70-9836-2418612268eb,6547,dev_4515,merch_3430,100.87,2025-07-10 06:21:56,0
8439bc54-eca5-4560-ad76-042ea43701d6,2246,dev_9792,merch_5117,2628.7,2025-07-10 04:06:20,0
a4d45f92-cfc8-41db-8037-92970985f308,6429,dev_8286,merch_7192,2567.07,2025-07-10 13:56:28,0
3f793af6-b366-4c5a-a24a-7a712c17e0df,5051,dev_8561,merch_1524,2897.52,2025-07-10 07:08:50,0
3c77dd74-b4d3-4116-b349-1882d9ed5a5d,5049,dev_9643,merch_6306,5178.81,2025-07-10 17:07:17,0
2de6cf63-257d-4363-b62e-942e1637427e,7879,dev_2465,merch_8297,2122.86,2025-07-10 08:07:50,0
05af4551-0ebf-492c-a470-fe19ddf363cd,6608,dev_4803,merch_8219,104.02,2025-07-10 16:48:02,0
7c60bddc-d826-4e40-963a-bc5b44f74146,9355,dev_9685,merch_4701,5310.6,2025-07-09 22:58:59,0
3cea43b3-5b87-4f43-bebb-d22cd006fbb7,6164,dev_3700,merch_3465,932.81,2025-07-10 05:36:16,0
e895040c-3ac2-4b89-a411-e08683e81cef,3209,dev_5646,merch_8071,5287.55,2025-07-10 19:11:16,0
2e0ec29a-dc85-4402-87c5-7cf4113a4ba5,6241,dev_1515,merch_3374,328.03,2025-07-10 05:59:21,0
4e55c4c1-d0c4-4c61-a50d-dbd44331a2d1,6382,dev_7137,merch_9510,339.63,2025-07-10 17:34:37,0
a7ebf13c-ea7f-45e7-bd33-c44fc471a60d,4836,dev_8695,merch_5997,1850.78,2025-07-09 22:47:46,0
f622fd84-44b2-46e9-b9c8-77ec0ba7e1d0,5822,dev_9345,merch_3887,6785.47,2025-07-10 05:28:33,0
b235f85e-f052-4096-b683-194b02b6cb90,6491,dev_4317,merch_5391,8845.84,2025-07-10 20:11:53,0
0cd78fc8-98c3-4a37-9cf4-d152f8a7f8c7,7376,dev_4174,merch_5945,2287.15,2025-07-10 08:22:58,0
601604d6-22ca-4fc3-b729-c11048ee3974,3407,dev_5190,merch_9467,1964.49,2025-07-10 03:14:39,0
cbde6c3b-6b1b-40de-a82e-fdb7a2295539,9448,dev_6609,merch_5885,1318.83,2025-07-09 23:54:09,0
7e04ff85-803e-41bd-adcd-925b8f092873,1216,dev_5614,merch_9102,1119.43,2025-07-10 04:04:58,0
645ea467-4315-4a83-b27d-96d712b3fd0a,8383,dev_8679,merch_3889,2696.87,2025-07-10 03:17:11,0
c25f6c9a-d704-4ef2-8e8e-d227a6e591a6,5499,dev_5954,merch_6110,1773.72,2025-07-10 17:55:24,0
71773a0a-6b81-4b21-81f4-76d62f960dff,1271,dev_2071,merch_1200,3364.21,2025-07-10 04:47:36,0
574c70ad-9198-492e-8e56-fb4a160fcd33,6448,dev_6102,merch_7957,2712.95,2025-07-10 20:48:15,1
6fb257c8-1616-48cf-bf0d-23965e6d4e07,4939,dev_8709,merch_6800,7644.55,2025-07-10 18:59:20,0
a63f354e-0813-4b85-9584-d97e5cadfe07,7792,dev_9779,merch_4987,545.25,2025-07-10 19:48:04,0
29e14b4d-b9ab-4482-b6ff-aac80fb6c334,4919,dev_4016,merch_2658,4983.44,2025-07-10 03:20:00,0
1178f5a5-b8ca-478b-9d0b-f0770c640b39,1859,dev_6713,merch_4183,5180.45,2025-07-10 08:01:05,0
d901a881-acea-48ed-bd96-54ac36a69275,9351,dev_7654,merch_5141,382.6,2025-07-10 09:55:33,0
a11cbd8a-f0b1-44fb-8d13-a09f9f8374a1,7240,dev_8809,merch_8343,124.66,2025-07-10 18:59:51,0
03e8ca86-eb18-4b52-ac9f-1f08a0053874,9875,dev_3230,merch_4697,4646.11,2025-07-09 23:27:18,0
09732326-e9d4-4b03-8d68-f27c790ef982,1218,dev_1699,merch_3112,98.77,2025-07-10 12:32:37,0
a326d1f9-bdc8-4d9b-9d12-a7a93907c6eb,1554,dev_9623,merch_9277,1721.74,2025-07-10 16:47:27,0
02fb4865-165e-4a14-bfda-4cb18a30588c,7836,dev_3108,merch_8968,744.86,2025-07-10 17:50:49,0
18ee995c-3be5-4714-9817-31770c98d53b,5764,dev_7753,merch_2397,10463.08,2025-07-10 01:27:11,0
ff227b58-192c-40bb-9856-5b4beef3af2e,9576,dev_7311,merch_2119,482.35,2025-07-10 13:27:07,0
7ead608b-220a-4382-bbb4-e8e77a2b548b,2305,dev_3784,merch_5444,2940.72,2025-07-10 01:15:49,0
857194f9-63cc-48f0-9675-0d7d8fe0b93e,3037,dev_8913,merch_2680,2283.99,2025-07-10 19:02:44,0
8e28e65c-67d2-42b5-8ff7-88e1134761e4,5005,dev_2632,merch_7101,4976.05,2025-07-09 21:13:53,0
14d042f6-3fab-4c13-bfa8-6b8e9315826f,6237,dev_6279,merch_4149,22.12,2025-07-10 06:03:44,0
4db4b034-2151-40cb-8924-ab110af56322,3304,dev_3041,merch_5533,316.59,2025-07-10 07:01:21,0
8733c72e-260d-4827-a921-27f986f184b2,8563,dev_8364,merch_1708,2346.38,2025-07-10 14:22:57,0
a3095a63-8a36-4f5c-8649-7362e0bb7e09,7123,dev_6462,merch_3761,2462.21,2025-07-10 12:56:23,0
e3c547ca-e130-4dcb-963f-b37c483dadd4,7905,dev_8222,merch_1552,2712.54,2025-07-10 13:00:43,0
943dc799-ffee-47b9-9a37-280abad6e142,2622,dev_3389,merch_2965,7866.66,2025-07-10 20:53:53,0
7a2a1f6c-6c7a-44d5-a428-893386efaf17,9982,dev_5835,merch_7766,7591.74,2025-07-09 23:26:29,0
9e206d64-1d15-4a65-a273-772e8766a806,1936,dev_3095,merch_4937,4252.06,2025-07-10 01:42:29,0
ceba0c9c-dd44-4e46-b3df-8ec29567837d,9261,dev_8105,merch_8746,796.56,2025-07-10 00:26:17,0
23adb50f-653a-49e9-8b75-775f5ba49a1d,8907,dev_3201,merch_7275,3297.06,2025-07-10 19:06:20,0
df0d7c50-4089-47c1-9ed3-f6626e971ead,9955,dev_1164,merch_5113,1315.52,2025-07-10 00:17:12,0
26607300-1c22-4dc7-a979-5312d013a998,6099,dev_9446,merch_7897,9530.04,2025-07-10 02:34:37,0
3b4856b9-f773-4d6c-8688-afa072ebdb4b,9698,dev_1904,merch_1657,938.76,2025-07-10 05:33:48,0
3c2f0391-5b13-4647-90e1-a4134a07ef88,6085,dev_3296,merch_8977,615.52,2025-07-10 11:27:44,0
11ace91c-6754-4847-a4d7-6e490ed6c9ee,8076,dev_6596,merch_2845,12794.12,2025-07-10 11:54:56,0
d0fe992b-312c-4f65-8377-07c04417a1ad,9441,dev_7132,merch_8917,1034.33,2025-07-09 23:38:16,0
693034cf-5986-49a7-aa40-f6c6b30b8a6f,3200,dev_4976,merch_9318,4798.88,2025-07-10 04:48:44,0
156d22f8-40d1-40d7-96a8-34ede9e9ba45,9525,dev_4449,merch_8819,390.76,2025-07-09 23:50:14,0
55a5fb11-75ae-4c66-82e0-531ea045b26d,2836,dev_9752,merch_1868,2232.11,2025-07-10 05:57:19,0
7187977a-0749-4161-80c0-d238b1d1c33e,3963,dev_4067,merch_9676,185.36,2025-07-10 21:01:13,0
0b461822-e49d-4453-8943-22cc03b3f561,4893,dev_1156,merch_3493,2775.22,2025-07-10 13:33:28,0
b2d3cfdf-6cb6-48d2-97a5-d9fbc9331195,5160,dev_5756,merch_2047,81.99,2025-07-10 05:44:30,0
907ebf6a-a94d-43c5-81a9-274bf67097fe,9736,dev_7272,merch_4766,4126.73,2025-07-09 21:20:40,0
6e6f36ee-1465-4e41-aa35-003c8424eba4,9641,dev_3735,merch_9710,10179.26,2025-07-10 02:25:29,0
eefebc4b-c9dd-4a19-bb82-b8899fe73d04,4604,dev_7057,merch_6879,5968.06,2025-07-10 12:25:48,0
cb890e81-5148-4faf-b828-526535388254,6073,dev_4721,merch_4736,6362.66,2025-07-10 13:12:20,0
32cdc409-5bfe-44a7-831b-80b915391eee,3177,dev_6575,merch_3447,5344.4,2025-07-10 20:01:47,0
576e0f1b-6bf6-4957-9392-156a6ace722d,5705,dev_6188,merch_9593,3784.86,2025-07-10 18:44:05,0
9368f06c-c95f-4f7e-b61a-f3a5f0da47d6,5346,dev_9984,merch_9312,11079.49,2025-07-10 10:06:20,0
41a8f51c-fd3e-450d-bf75-ca391627a4f6,7142,dev_6477,merch_1265,4033.83,2025-07-10 00:40:03,0
5c806425-8b43-47fc-a623-5aedb8fd38a8,3002,dev_8344,merch_9783,11003.3,2025-07-10 02:45:58,0
ce3bad76-cb5f-4f32-accb-4d23099766d2,3465,dev_2513,merch_3055,348.21,2025-07-10 01:00:19,0
b97431a8-0acb-4f12-a51e-31524898898e,5128,dev_3480,merch_8626,1430.83,2025-07-10 07:20:19,0
e18c37f2-9e9d-47ac-8e1e-21f3696e06d9,4171,dev_3394,merch_9392,1212.48,2025-07-10 00:47:29,0
4b008736-9b95-487f-98cf-01a4b70c594c,3796,dev_4159,merch_5758,594.01,2025-07-10 07:23:47,0
5ca39e8c-e618-4910-a723-f89ef4fadc22,6946,dev_7016,merch_6349,267.31,2025-07-10 01:04:46,0
a01ffb46-6c8f-4288-b1e2-7242fb7e4edf,9424,dev_5490,merch_3250,2094.29,2025-07-10 13:33:36,0
d13f67f7-9757-42f7-a7ca-4d23facb7c2e,6663,dev_9765,merch_3674,2814.66,2025-07-10 17:01:16,0
4d602321-ea4e-48e3-baeb-11bb2a53ad30,5288,dev_8066,merch_6806,4579.2,2025-07-10 03:09:25,0
a2ff966b-67ac-47b7-8156-211365882f4d,1916,dev_9866,merch_9296,3000.31,2025-07-10 11:54:11,0
6f128cba-afdb-4206-85b1-5ae654a6011d,8723,dev_8888,merch_1041,2021.63,2025-07-09 23:49:22,0
f78b6bc9-d498-4f8a-a5de-8280f4646523,3822,dev_5172,merch_9281,4300.64,2025-07-10 15:28:15,0
0d2557f0-110d-4943-8067-033dfcd02ad6,2679,dev_8546,merch_6646,804.93,2025-07-10 10:26:16,0
2de20ba6-e7e6-4941-8206-38da12a1f256,7164,dev_9753,merch_7154,531.97,2025-07-10 10:43:03,0
b0a2ab6b-960a-4c7f-bc92-06eabf64e8f9,6253,dev_1778,merch_9443,7715.77,2025-07-10 11:14:28,0
2b487418-8f03-43b8-a9a7-b65be7af8751,2810,dev_9934,merch_3826,3864.37,2025-07-10 03:15:36,0
71204895-a207-4857-ad74-e14ceb18e54e,5535,dev_9691,merch_7641,696.78,2025-07-10 19:01:29,0
145f8162-8311-476e-baf4-3c3b4bcb02d3,5344,dev_6602,merch_9568,6428.15,2025-07-10 10:33:38,0
3c3cd578-2b71-4627-a3aa-4ff347a2bf46,7285,dev_4656,merch_5244,1782.06,2025-07-10 16:32:59,0
15f30d4c-c31b-4ca8-be94-dc17cea6d0bc,5421,dev_8987,merch_6325,3249.51,2025-07-10 03:31:17,0
7fbd1721-71f6-4b2f-92ef-e90403077860,5290,dev_9817,merch_4376,4744.92,2025-07-10 07:21:36,0
3b702b14-a844-4cf0-a791-e376721c10d5,3254,dev_3300,merch_4141,2705.49,2025-07-09 21:59:39,0
f6cd1e79-c060-4a11-a235-5ef3d055419c,4787,dev_2255,merch_1591,4445.25,2025-07-10 12:28:52,0
ffd75554-cb91-4d56-ab04-20b334c4489a,4003,dev_2729,merch_6678,346.7,2025-07-10 06:35:02,0
7db2a889-d256-4f5a-835c-31b69bb71ebe,3815,dev_2673,merch_5659,4128.49,2025-07-09 23:38:04,0
d8b8fa3a-8700-4e04-9952-83e84f3f14e5,3885,dev_2789,merch_2561,3567.24,2025-07-10 01:49:07,0
f1d4deb9-b903-4112-9784-4e5e2e719bcd,8712,dev_8710,merch_3575,1030.96,2025-07-09 21:34:30,0
9a1dac41-fb5a-47a5-9005-cae0533fee23,7583,dev_3771,merch_8907,918.85,2025-07-10 17:48:53,0
4b168cf9-4da4-4a70-a2d7-07f1c2cdc0b5,2605,dev_5536,merch_6561,7382.77,2025-07-10 03:07:16,0
d3c6de08-03d5-47ae-a40e-42d57f1a15e7,1280,dev_8567,merch_5015,223.6,2025-07-10 01:02:45,0
877b6a56-3177-4116-9cf6-345704b46b05,7809,dev_6593,merch_9751,1519.45,2025-07-10 03:58:26,0
361928bf-574f-48d5-affc-7cb761193293,8641,dev_3526,merch_1667,10584.46,2025-07-10 00:48:08,0
679e27b9-c4d1-4d61-b50d-77750a6834bf,8382,dev_7503,merch_2672,538.28,2025-07-10 08:54:13,0
4c2c253c-d672-4342-a4e7-7fae197cabfd,3450,dev_8431,merch_9119,1232.32,2025-07-10 10:41:53,0
0bfb8b54-1aee-4820-88ea-0813f37fba09,5655,dev_1870,merch_4492,358.26,2025-07-10 01:48:45,0
153e7ee6-5428-4d2a-a925-ec06ec749cb6,1006,dev_5012,merch_4798,100.01,2025-07-10 07:56:16,0
3900905b-265f-4fbc-bebd-a84845159de4,1114,dev_5768,merch_9511,1971.05,2025-07-10 14:01:07,0
3b0a2795-e59e-4539-9046-973eb51339c2,2914,dev_1044,merch_5739,2547.03,2025-07-10 19:09:48,0
a7441b03-e4d6-4489-81a6-d59eb8593801,6675,dev_5707,merch_8452,1378.43,2025-07-09 21:45:47,1
245c5bab-467e-49b2-b7ab-2d4e57932c29,5825,dev_2853,merch_2614,2379.53,2025-07-10 15:00:24,0
abc3e714-2ee2-41ff-98b3-d25299368628,2166,dev_1941,merch_6916,453.88,2025-07-10 05:40:08,0
8f2c3f4e-999d-4a89-80b1-939a2628c049,2171,dev_3679,merch_6443,3903.47,2025-07-10 07:51:28,0
537b2751-d7ce-40f9-97f7-96a33be09ce5,1444,dev_9168,merch_7310,1982.27,2025-07-10 08:11:58,0
678e279a-cd86-4cbb-88f8-c85f2fa5123c,7674,dev_6827,merch_6344,380.45,2025-07-10 03:11:00,0
01ca3b4f-6764-44f7-9fdf-6431af468fd0,8400,dev_3856,merch_5526,205.84,2025-07-10 01:00:08,0
4b04d0cb-9235-4af1-8f15-447345107350,3779,dev_7794,merch_5779,699.72,2025-07-10 07:47:22,0
a589c6d3-ca21-4339-b467-09e6134fe2ec,8199,dev_2074,merch_6131,9183.13,2025-07-10 00:01:14,0
276acaeb-d892-4d36-aff9-03f5884a87b2,4217,dev_2936,merch_5484,3869.16,2025-07-10 06:50:19,0
ccb679d4-1973-48e0-904f-f61488e6d8fb,7490,dev_8892,merch_3778,1383.02,2025-07-10 04:24:24,0
b23d298b-0505-404a-8a4e-4fee9f166c6c,1098,dev_5697,merch_1312,3062.1,2025-07-10 16:46:49,1
708ea49e-ad40-4393-860c-020feb327a69,8885,dev_9895,merch_7154,5604.06,2025-07-10 16:36:36,0
964ad4fd-01f5-4ba4-8602-70d571426a9c,9968,dev_1096,merch_2833,5597.33,2025-07-10 10:51:25,0
20aaeffb-b4b3-4d38-bb99-0aff63b8c14d,4403,dev_6960,merch_5830,22.22,2025-07-10 11:23:04,0
bc0188b2-ca0c-411d-ba1c-ed51582f6dab,1656,dev_1185,merch_6627,45.81,2025-07-10 03:22:00,0
81c002b2-3120-42ce-bf5f-031de9b7fd4b,8305,dev_7670,merch_3378,4244.06,2025-07-10 15:24:53,0
12f382d0-c391-4c5b-9d44-e1d80bab2abc,9881,dev_7738,merch_8862,895.05,2025-07-10 13:13:24,0
b959f732-a8cf-4bed-85dd-17fd607f955c,7453,dev_6715,merch_4049,5881.79,2025-07-10 19:25:19,0
c1a03e2e-fc56-48e6-8246-3130f032516e,7471,dev_7142,merch_9796,1023.1,2025-07-09 22:20:50,0
f04cbff0-777f-490c-8192-74cf01725c44,3043,dev_3166,merch_6520,2346.15,2025-07-10 07:33:33,0
383895b1-2735-457e-8679-76103ab2fd26,5748,dev_3343,merch_3785,1173.68,2025-07-09 22:01:32,0
bfdc9956-f2ab-478b-9c4f-ad125be61a87,2504,dev_5991,merch_3785,3501.47,2025-07-10 04:49:00,0
835a2b8e-cc3a-4636-8080-da26f3309e4f,6644,dev_3665,merch_7065,2134.53,2025-07-10 18:21:01,0
092bd685-18a3-449a-aac5-3e7faef38a52,8014,dev_2651,merch_1387,212.81,2025-07-10 11:01:33,0
b6a315bc-6141-45c5-b8cc-708389fbd2d3,5320,dev_5119,merch_6627,4881.1,2025-07-10 00:18:02,0
dd0e250a-cdf7-452a-aa65-08349ade1feb,7057,dev_8029,merch_2034,1944.87,2025-07-09 22:33:09,0
d30ecb70-11de-4dbf-9d2e-b1aaf96e8a28,8533,dev_8277,merch_3420,10112.58,2025-07-09 21:15:12,0
7bcc1409-e2e5-4d5f-b8a4-198096fbd129,6855,dev_9006,merch_1798,281.79,2025-07-10 20:22:16,0
0e31df60-2cd1-4094-bdfd-766b42caaacc,9323,dev_5680,merch_4624,2584.5,2025-07-10 07:55:58,0
ee983203-26ae-4805-bc65-206446bf79fb,2850,dev_6160,merch_5434,1874.14,2025-07-10 12:59:02,0
1812af1b-9e10-44d4-a561-170cf2c33d16,4408,dev_5738,merch_1351,4158.31,2025-07-10 04:51:06,0
cb95825a-10a7-4dd0-8492-0cb81e25c654,8594,dev_5922,merch_2683,1617.92,2025-07-10 00:20:43,0
6676e971-4799-4525-b0db-85a3ccadb060,6887,dev_9141,merch_9496,536.77,2025-07-10 04:14:53,0
dd0c5f86-3f21-420e-b772-7706326349e7,7078,dev_3783,merch_7273,6171.6,2025-07-10 07:18:41,0
6e4a7036-b335-416e-8528-f767156e90de,6746,dev_2749,merch_1676,282.73,2025-07-10 03:31:25,0
4f949a73-312f-474b-aa62-72eb0ab24072,4644,dev_9066,merch_9111,639.03,2025-07-10 05:41:25,0
2141d886-5f06-48c3-951d-ee4e65a2d289,4761,dev_9080,merch_5776,7555.47,2025-07-09 21:59:42,0
81460294-53a6-47d6-8168-66423558d149,1559,dev_9494,merch_4043,4033.3,2025-07-10 13:00:28,0
dd76bfba-816d-48b3-bd64-57aadd88a316,4094,dev_9036,merch_3055,13548.58,2025-07-10 14:16:49,0
28ed59f2-290d-40fc-8648-d12e70dd45e0,2843,dev_2015,merch_5595,536.72,2025-07-10 00:55:39,0
490d87cc-f3e2-48b1-95ad-051c0a82d021,9403,dev_6779,merch_2348,5324.97,2025-07-10 09:29:06,0
ae0f6261-650a-4532-b021-91e805699516,1715,dev_5337,merch_2365,1522.1,2025-07-10 11:23:46,0
f080975f-13a0-47cc-9493-4b65a7a452e2,7861,dev_3906,merch_6804,3514.63,2025-07-10 02:08:04,0
287bbe0f-56a2-4a42-80b3-247ed1fb5578,1092,dev_2310,merch_2904,713.11,2025-07-10 10:33:24,0
f4c2c100-087b-420f-847c-ffbf28ed07ce,2674,dev_5402,merch_9697,4375.15,2025-07-10 01:49:33,0
8e4a9908-2226-4bf6-a65b-78cb2e58462a,8924,dev_5375,merch_7133,2714.81,2025-07-10 17:54:39,0
270b2789-053b-487a-991d-239c478fc933,6384,dev_7785,merch_4556,6854.31,2025-07-10 01:38:37,0
1cbf70b7-1cfb-43ce-9b17-81cba956f871,7345,dev_8566,merch_3011,624.01,2025-07-10 07:48:06,0
9b47e622-9684-4cf5-96dd-b100b43d52bf,2056,dev_9524,merch_7289,7569.35,2025-07-10 17:57:26,0
c1f652d9-24f9-4206-a80c-4f54dd953d8b,3778,dev_2780,merch_8295,11192.18,2025-07-10 02:16:45,0
ef3ddd42-259e-44c1-bdd1-9fa793182359,8853,dev_4132,merch_2569,99.97,2025-07-10 02:25:51,0
7773d980-96b1-4a9a-9787-ad277aebc718,6756,dev_9356,merch_7502,1227.56,2025-07-10 02:19:45,0
e61ab022-e5b2-4923-9404-b968f076fb6c,4990,dev_8978,merch_4332,5799.28,2025-07-09 23:14:02,0
c065c5f0-82d3-442f-9173-04a3bc98f11f,8547,dev_9949,merch_3232,2997.61,2025-07-10 01:43:49,0
6c22a5f0-c6c0-4286-9c27-4e3436316365,9119,dev_7564,merch_7555,1883.37,2025-07-10 14:04:15,0
2ca0fe1d-cf32-4c2c-b3d5-f4cec2dd61ed,8282,dev_1222,merch_6269,2619.05,2025-07-10 01:55:53,0
4ac54110-2df4-4634-a766-867ba51d6891,9273,dev_8226,merch_7918,8455.25,2025-07-10 03:56:52,0
08b21b30-c666-4d2d-af27-7da01ec2aac5,4492,dev_3719,merch_3185,2167.25,2025-07-10 11:38:53,0
f62d3d22-9e60-476f-b238-496d97d08f34,6744,dev_3314,merch_9753,1027.5,2025-07-10 09:30:56,0
16a861d9-75b3-4502-bffc-3695c9303c57,7324,dev_8226,merch_2780,2344.14,2025-07-09 21:21:11,0
580f953d-0772-4c32-bb4d-5bb888c40dca,4678,dev_6143,merch_4570,1145.52,2025-07-10 17:52:38,0
e605dff2-e367-4e63-9166-c944e1d8dcaf,6197,dev_8088,merch_6852,2279.46,2025-07-10 07:00:54,0
1d39dd34-04ee-42cc-adf9-04152c8db9b2,3115,dev_3382,merch_6460,2223.44,2025-07-10 19:25:22,0
4b66cf35-cdfa-431a-a101-4c4be3e649ac,6795,dev_1092,merch_3589,943.31,2025-07-10 10:59:29,0
fec95af4-2be0-4a92-8c25-19eba09726b1,1589,dev_5040,merch_5056,951.03,2025-07-10 18:27:23,0
c60d0771-b499-4894-9034-c6014b053805,2335,dev_2126,merch_7117,652.32,2025-07-10 21:05:41,0
71495e7d-8422-43d7-b5c9-374c125e36c6,8386,dev_3119,merch_5736,980.17,2025-07-10 12:31:27,0
448b97b9-b3a8-459f-8ec5-a8e51254ec4b,4448,dev_8260,merch_9221,3008.65,2025-07-10 02:55:54,0
5a71b454-a52b-4bfd-96e3-a83198619fc4,2347,dev_1472,merch_5994,916.66,2025-07-10 00:10:57,0
54424cc2-bd91-4976-ad1f-fa3e41c55282,3818,dev_5029,merch_2602,4448.0,2025-07-10 04:52:03,0
ba86bd44-7e9d-4f6d-8834-6fee61b103f7,3388,dev_3893,merch_8514,4640.23,2025-07-10 17:48:27,0
95d9667b-1228-4d8e-abbd-f9064a5a911c,9284,dev_3067,merch_7356,1797.57,2025-07-09 22:42:37,0
31220309-6dd8-4bed-9e98-0e6f819d8baf,7069,dev_7047,merch_1800,706.89,2025-07-10 06:07:30,0
4e5b2bf7-3dc6-4198-b553-bb26ad514a99,7657,dev_9105,merch_7372,2920.67,2025-07-10 17:34:34,0
7d1dd461-970f-47e2-8b77-62e3d029da6e,7016,dev_3548,merch_4752,45.11,2025-07-10 03:55:23,0
8ca8cfd1-bd65-4ca5-9baa-74089167e3f7,6692,dev_7437,merch_1129,2403.01,2025-07-10 04:51:43,0
a794e2bd-dd2a-4d9c-9f24-17f5415d35c9,3458,dev_3657,merch_6334,9295.73,2025-07-10 00:17:46,0
7910a08a-35ea-4509-8e8e-b78fa2bea2d1,4855,dev_6168,merch_8823,5335.96,2025-07-09 23:11:28,0
151f1c4d-37f6-4cf9-bdc7-86ad2ba63848,7618,dev_3572,merch_1159,7783.84,2025-07-10 04:34:30,0
cff3bfea-5de4-4be7-a4fb-078d70626406,6508,dev_9635,merch_6590,1217.68,2025-07-10 01:02:53,0
62845ae2-6df3-40c7-8307-05e16ae0ba07,2273,dev_9793,merch_2737,1083.77,2025-07-10 20:16:58,0
314de1f8-8580-41fd-9c97-367204a00e41,7622,dev_9912,merch_2436,852.91,2025-07-10 14:32:44,0
c0bbe5b5-3e9f-4ab8-b374-f0b1bd23fae3,1449,dev_5455,merch_2685,5158.7,2025-07-10 02:28:30,0
3212cf12-e236-4176-9305-c5ce85b41fc7,2005,dev_1328,merch_5961,5075.74,2025-07-10 09:18:49,0
2aa5c2a1-47d5-478d-8ceb-18cff93d4afd,3498,dev_7092,merch_2937,1351.43,2025-07-10 10:30:11,0
0dc1db4d-4777-4e02-b258-d6d5ec2a89c0,3095,dev_5860,merch_9138,1003.83,2025-07-10 00:48:45,1
9d4f3166-f22e-4092-8959-d1359325145a,5203,dev_5968,merch_4212,3936.19,2025-07-09 21:45:35,0
d1f5e18c-d357-4e3b-bbd4-a554660626e1,4616,dev_7885,merch_1347,11378.7,2025-07-10 13:07:00,0
ed46fad4-9e5f-4889-a266-a57337908ff9,5575,dev_2476,merch_8409,3936.52,2025-07-10 05:27:30,0
17c8b0ee-c0f8-4e39-b7d2-51eaaac41e21,2683,dev_1019,merch_3024,4072.1,2025-07-10 16:10:38,0
ff1a1bf6-d0b6-4f9e-9fbb-bea120f955d7,7019,dev_4311,merch_6097,1731.68,2025-07-09 21:18:28,0
ce297a22-bf72-4faa-be9a-f8e035f08042,9202,dev_9036,merch_7035,695.73,2025-07-10 17:54:04,0
a9815a30-d43a-421c-b996-b37573842e58,4041,dev_6342,merch_2578,12480.1,2025-07-10 02:19:54,0
1de940e1-2402-4179-a2e8-f817367fd62f,7545,dev_8140,merch_7006,3232.23,2025-07-10 20:19:51,0
143f691d-a0a5-435d-8fd9-1e2b156a05f1,9455,dev_4601,merch_3143,2315.65,2025-07-09 22:07:20,0
08f0dfbc-bd22-4eba-8459-b5c8a3494789,5683,dev_3599,merch_7859,3280.47,2025-07-10 08:02:45,0
bab1005f-a03f-4a3f-ab69-6caacee95158,2950,dev_9908,merch_5571,3742.47,2025-07-10 10:52:05,0
c93e4838-2e9f-4267-951c-c57535c238a1,9398,dev_1149,merch_2651,579.73,2025-07-10 06:37:34,0
6c17dcea-ce7f-465f-91a4-9fee2a21b67e,6289,dev_2979,merch_9880,919.17,2025-07-09 23:49:33,0
6e49d64a-b5ab-4c64-92bd-93f67353af0a,3856,dev_5920,merch_1577,10626.61,2025-07-10 20:17:54,0
597e52da-be89-4dd4-ab28-93a2760faf5a,9888,dev_8313,merch_6200,1103.56,2025-07-10 02:40:39,0
ed7f7961-6297-4366-accd-32ebc80fa7d8,3257,dev_6566,merch_3579,278.49,2025-07-10 15:39:26,0
952f2378-ce8c-4093-b9eb-8011995c73fa,3736,dev_8752,merch_4793,3591.95,2025-07-10 20:32:39,0
5edb8aec-93e2-4d79-a9ef-f519b3a84fe9,7730,dev_9890,merch_2451,3880.07,2025-07-10 13:06:14,0
23c057c4-3b19-4d5c-ae42-5364fa3a1342,7255,dev_1615,merch_8027,7993.08,2025-07-10 15:26:01,0
1c0b5614-196f-4a3d-a999-48b0eb34be3a,8994,dev_1704,merch_2260,1516.63,2025-07-10 05:15:01,0
2a63dfec-b6b9-46e8-a16a-5dcc965bf28c,7043,dev_2927,merch_3095,1889.85,2025-07-10 17:27:34,0
40ac80a6-1fae-4ebe-84f6-892b5b5c4ee3,5687,dev_4273,merch_3102,1969.14,2025-07-10 13:13:04,0
c6316068-1f87-4e5c-b424-7f7e9efc7694,6736,dev_2522,merch_2117,1818.08,2025-07-10 12:38:59,0
2f45d40a-f2e9-4aad-943b-a4ff5d6383a0,2493,dev_3255,merch_4211,121.18,2025-07-10 00:52:18,0
767dd38e-c38e-4448-9d33-f010858ec549,5409,dev_2794,merch_5186,8378.12,2025-07-10 17:46:23,0
91e9b148-f3ed-4b82-ae0d-30c6935d41f4,8725,dev_4807,merch_2010,15063.98,2025-07-10 13:05:50,0
d4477526-6ab0-48b6-bd41-856a82214100,7365,dev_4242,merch_6105,1186.12,2025-07-09 23:32:21,0
3770bee9-a89e-4735-a019-6df3b76e8423,1918,dev_2210,merch_2061,802.99,2025-07-10 14:39:54,0
e9c5fbba-1065-4a5c-940a-317eaf645122,6225,dev_8422,merch_7909,1771.29,2025-07-09 21:44:53,0
cdf2e948-2e46-4e6f-8620-589f2a6754ba,5181,dev_1704,merch_2665,4997.82,2025-07-10 05:25:52,0
d9416d36-039f-488d-974b-3d7a9c3c20be,8437,dev_3973,merch_9209,1361.76,2025-07-10 03:02:00,0
db40d792-3bce-48f4-95f7-be317934aff7,8136,dev_9742,merch_4264,3039.23,2025-07-10 08:13:10,0
5d523de2-ffdf-492b-94b5-24567316c82d,7437,dev_3668,merch_2076,235.01,2025-07-10 02:32:57,0
025e63b6-5be0-4d30-8990-bd708832aa3e,1404,dev_1995,merch_3141,723.29,2025-07-10 00:11:24,0
48999b40-c120-4ac8-8a7d-6d21180e4def,4166,dev_4198,merch_9833,54.09,2025-07-10 05:35:33,0
d3368347-f757-4d35-bf4f-7a972d2803b6,1176,dev_4757,merch_2883,7624.8,2025-07-09 22:13:06,0
345c65b8-224f-4c34-a98a-902a3969a84b,8583,dev_5157,merch_5729,4122.56,2025-07-10 02:57:27,0
d2d838d5-5d21-4478-859e-9127728c2187,9072,dev_6507,merch_9554,2897.93,2025-07-10 10:17:42,0
77c3d591-014e-49ff-8d8e-efbe888f3645,8222,dev_9791,merch_6752,2525.29,2025-07-09 23:06:46,0
12e41fcb-2623-4847-b324-85072eb14126,4448,dev_1901,merch_9522,1276.94,2025-07-09 22:36:16,0
dbc989b3-62f4-4137-92d0-e2e7c62385e0,2947,dev_4099,merch_3508,5363.33,2025-07-10 17:00:35,0
567fc830-d97f-4d36-be90-0fb555721bea,8868,dev_9483,merch_1994,571.01,2025-07-10 02:55:13,0
83223508-dbcc-4454-9c0d-a153ab490df4,2106,dev_3734,merch_3672,5615.09,2025-07-10 04:12:15,0
38e20c1b-328c-49c4-ba77-09f7db3ae2ea,1449,dev_4785,merch_9366,682.28,2025-07-10 00:52:18,0
fa696913-c316-4619-bf72-2d8f6d5e345c,7756,dev_6035,merch_1307,372.5,2025-07-10 05:57:49,0
3e1320eb-af39-49c4-8c33-eb5e5f3020fd,8171,dev_4125,merch_2063,1230.73,2025-07-10 00:19:00,0
cfc07542-35eb-498e-ac03-a0642068b804,3751,dev_8248,merch_2963,7975.64,2025-07-10 01:42:28,0
380c30f1-468b-4f5e-b717-09eb905e2632,1128,dev_6489,merch_3935,5041.26,2025-07-10 17:10:18,0
3cb78892-ecac-45bb-9411-9ea415cbc60c,8779,dev_7659,merch_8905,151.4,2025-07-10 07:28:53,0
6870afea-c328-409b-9cd6-e5ed31eed0e8,6945,dev_4612,merch_4341,33.29,2025-07-09 22:36:33,0
6d7811bb-64bb-4804-bece-82701af10e19,4585,dev_9924,merch_3840,1462.69,2025-07-10 00:14:19,0
6ab93b37-4b33-4f69-b62e-d8356320c5d5,9680,dev_7801,merch_2755,493.89,2025-07-10 10:29:08,0
042d6845-673f-4e07-aa23-b31e964f6dd4,4501,dev_1208,merch_8642,816.64,2025-07-10 06:28:45,0
a0fe5a9c-ebf8-42de-a1d1-616fb667e625,1993,dev_3101,merch_6981,1446.47,2025-07-10 01:08:11,0
ccdb6473-2e3e-45d8-a29a-e836df5104f5,3228,dev_5217,merch_3884,435.4,2025-07-10 11:11:59,0
88f66202-d2f6-414e-b361-619f66356c0e,2736,dev_6727,merch_3530,1561.83,2025-07-10 01:49:18,0
ecb3c191-0f83-4cce-ae1b-e564cefa84a2,3632,dev_2791,merch_2718,8053.34,2025-07-10 13:47:00,0
7ccc2a29-6e16-4dd7-984e-6cf38062e827,8082,dev_6392,merch_8640,206.17,2025-07-10 00:32:31,0
3ff7b75b-f463-48e6-89d3-5029d25e50ce,6210,dev_8021,merch_6451,1593.71,2025-07-10 02:32:14,0
92048192-fb19-41bb-8d35-e8e7bd46738d,4817,dev_1735,merch_1814,4976.95,2025-07-10 08:35:57,0
1ca28538-a7be-47ab-afa2-e140c0d98ca2,8074,dev_2042,merch_9404,1880.11,2025-07-10 14:25:37,0
0e0fb91d-4394-4bee-bf1e-ec728317afe2,1233,dev_2872,merch_1206,261.58,2025-07-09 22:32:32,0
44707bea-7349-4cad-94fe-bad73d25e72e,9183,dev_8235,merch_5464,1309.11,2025-07-10 16:57:20,0
57e2c371-377e-4c0e-b153-d4477770cec0,3974,dev_6949,merch_9217,716.18,2025-07-10 07:59:05,0
b35ed2a7-6e18-43a9-8704-dc31b53bcad9,2942,dev_5709,merch_7218,2461.96,2025-07-10 17:00:30,0
989919b7-d26e-4451-a27b-aa4244dbf43f,2993,dev_9942,merch_2548,2342.46,2025-07-10 12:14:04,0
1ed050a0-3482-4610-beec-041d7105a75e,8027,dev_5545,merch_9306,1450.53,2025-07-09 22:07:58,0
e5d54f86-8beb-49df-ac1c-0c602cd2d4ad,3990,dev_9812,merch_1685,4332.67,2025-07-10 08:30:17,0
9091e6e3-c13f-4a43-bc36-cd69343b1f15,5871,dev_1003,merch_9897,4109.95,2025-07-10 20:51:25,0
486ebed9-327e-48ce-9f74-4b115567c26c,2042,dev_6966,merch_4146,883.76,2025-07-10 00:45:21,0
0c946ffb-499e-48c0-add3-644eb6d60971,5294,dev_1315,merch_4020,3315.29,2025-07-10 05:12:47,0
af4c5e80-fdc5-4166-b483-71c80a1764c1,7719,dev_1098,merch_3350,4812.1,2025-07-10 03:23:11,0
963ab77e-4999-4951-8fca-57baade5b781,8404,dev_1830,merch_5643,3354.52,2025-07-10 00:20:24,0
618b3cf3-6c76-4f70-9a51-12752419a098,1395,dev_4584,merch_5649,4989.32,2025-07-10 00:45:23,0
fbd3f910-ef13-42f5-a96b-a6461887eab7,5846,dev_4460,merch_6628,2148.09,2025-07-10 03:18:25,0
30a17a92-49eb-4c87-8f82-46deeb1030f4,4018,dev_6373,merch_1329,748.89,2025-07-10 17:22:47,0
d53474ef-9601-4c1a-8901-c05cc58d6084,8762,dev_2026,merch_5197,4575.1,2025-07-09 22:17:00,0
c69793cc-219a-4eed-9374-268c91ac3959,5753,dev_8883,merch_2236,945.03,2025-07-10 06:55:23,0
2c66e4a5-1d5c-452e-974a-91e1f1d437b7,6908,dev_2044,merch_8286,6508.58,2025-07-10 01:05:25,0
ded96fe8-5b84-49c5-85d8-daa8bbd4d11b,1658,dev_8690,merch_2606,5559.85,2025-07-09 22:34:44,0
f024d3f8-eaea-448d-9bdf-3a867bdfa8a8,2344,dev_6707,merch_7797,15369.83,2025-07-10 09:17:27,0
b115aa65-a266-4567-aff3-1e05f10e85f8,7346,dev_2659,merch_8594,4483.09,2025-07-10 01:32:20,0
8c9014cf-9d2c-4dcc-b419-38f71aff7fc9,3545,dev_9185,merch_7825,3100.29,2025-07-10 00:38:36,0
90c26e70-c9d6-485d-9722-c453eaa4fc2a,7198,dev_3280,merch_2614,1913.16,2025-07-10 14:36:10,0
736e1635-23a7-4b6b-8c78-1a2e19651b1f,2797,dev_3374,merch_4212,2322.92,2025-07-10 07:28:48,0
9ca8c54f-2d8d-4c6e-b8f5-82ce01ff9708,5553,dev_1461,merch_3289,1572.5,2025-07-10 17:23:04,0
6c198a3b-f691-44c4-b847-8d2c669f74c8,1656,dev_1507,merch_3111,2530.14,2025-07-10 09:49:33,0
f517f6c4-be70-484b-a13f-c6c7cf4685c8,6900,dev_7007,merch_6935,1605.33,2025-07-10 12:56:49,0
a6cb60fc-1575-4cdc-8764-fe943e731110,5142,dev_5963,merch_9302,323.61,2025-07-10 12:39:17,0
008d063f-a498-4978-a0f5-add921c39aa9,3096,dev_6689,merch_3338,8964.01,2025-07-10 05:27:08,0
4f9ce70d-12c0-4070-80c8-0af2b4f6cb61,9008,dev_6760,merch_5944,398.51,2025-07-10 17:43:42,0
d1beaf86-e87b-4798-8f73-cee6d01bf518,4492,dev_9760,merch_1732,3560.19,2025-07-10 05:11:00,0
20290e5b-2bdb-494f-92bf-cbf0e5b93fe2,8138,dev_8945,merch_3380,271.19,2025-07-10 18:43:01,0
77936f48-b61d-45ab-9c1d-8f08ee35f451,6234,dev_9524,merch_5070,546.59,2025-07-10 15:16:43,0
f012f57a-bd85-4602-8e0e-381bb14125dc,5267,dev_7790,merch_5104,2837.75,2025-07-10 18:07:26,0
2dc2ac06-9c30-436b-97d2-67b63f54bcdb,3635,dev_8176,merch_8118,1004.97,2025-07-10 19:08:58,0
0b3a9c4b-fee4-42e9-bad0-4ed0262e5a71,9043,dev_1141,merch_7984,1711.34,2025-07-10 13:23:10,0
73a65577-91ed-4059-85e8-e0e3c6eab7ab,5545,dev_6508,merch_5475,4698.44,2025-07-10 09:52:02,0
a8fea885-4a20-4000-b274-e16fd92ea3da,5923,dev_6451,merch_7194,8119.78,2025-07-10 12:18:12,0
102d8411-3728-4813-bec5-4cb076db55da,5152,dev_3673,merch_9443,10759.27,2025-07-09 23:43:31,0
c9d5ce38-496f-412f-b3ae-becb545611a6,3929,dev_8144,merch_6489,3174.68,2025-07-10 19:09:02,1
ce5a45f9-6e7d-4bd0-8b6c-73d8e8b08d51,4038,dev_8562,merch_2623,3862.86,2025-07-10 00:16:26,0
b31ea750-b337-4a0d-8771-4fb9a4011280,4931,dev_5712,merch_7926,1422.21,2025-07-10 14:26:21,0
9e530316-3833-468f-8ea4-f088999c8bd4,9544,dev_8954,merch_5077,2410.52,2025-07-10 07:57:37,0
9aed85a6-a698-4d1c-9513-a4508a2c3a7f,2839,dev_3851,merch_5715,2632.4,2025-07-10 07:52:22,0
8d40d226-f2a0-41e9-805d-eca639eb5fbd,8777,dev_3287,merch_3235,68.9,2025-07-09 23:09:49,0
e623d0fe-69c4-4668-aa90-ab2ae3a59aa5,8944,dev_8379,merch_2701,7313.47,2025-07-10 09:20:23,0
59997fde-4460-43d9-8cb4-6e82a231041a,5482,dev_1878,merch_9495,3926.85,2025-07-10 13:19:39,0
a2571f0f-c375-411b-ab6a-26dcf53515c4,8206,dev_2815,merch_2071,5438.26,2025-07-10 02:14:34,0
8256420d-b018-427b-aba6-8da73354cfea,7307,dev_9992,merch_7633,435.04,2025-07-10 08:47:45,0
1d894552-8ea6-4c4e-8e00-cbaeb98541f2,1582,dev_1437,merch_2403,4133.01,2025-07-10 13:50:24,0
651e9501-bc2c-4a05-9e4f-a211ad500558,5692,dev_5749,merch_9744,6494.36,2025-07-09 22:43:46,0
32918461-0277-4d66-aa49-364a86244812,9613,dev_3125,merch_1398,5343.56,2025-07-10 12:39:20,0
58b151f2-ebae-4895-9ee7-b8d7af93bb3a,4577,dev_7064,merch_2293,303.22,2025-07-10 12:10:40,0
04049b0b-f5b6-445c-b5fd-b6526a01e7b5,1532,dev_4083,merch_6797,988.61,2025-07-09 23:00:46,0
7303b5f2-2d0b-42aa-97d0-738b435a7640,4906,dev_3001,merch_7261,4338.51,2025-07-10 02:04:16,0
7b36b9b1-4452-41ab-8925-131cdd0b41d9,8114,dev_7242,merch_5453,808.1,2025-07-10 19:51:15,0
746c8c3b-66be-4114-9063-006815632632,2020,dev_5046,merch_3814,2271.34,2025-07-10 15:24:49,0
7e80089c-e320-43a0-9e2d-3bf606113796,9768,dev_3595,merch_1509,4350.55,2025-07-10 01:37:22,0
c58062ee-7fc0-4593-9b55-b4d76b1b7014,3035,dev_1561,merch_7619,3281.32,2025-07-09 23:25:15,0
f325f9a1-9204-40f7-bf1c-3667bb95d415,9707,dev_6207,merch_2029,1184.07,2025-07-10 05:35:57,0
d3a9d3a9-4f9e-4c9d-b88f-0649d620b416,6351,dev_7360,merch_2700,2406.57,2025-07-10 04:23:50,0
51bdc662-3937-4014-8f13-8aaae5acb349,2951,dev_6384,merch_8099,5800.36,2025-07-10 13:25:45,0
007bd748-493a-4747-b996-48c3119f1416,7847,dev_1800,merch_5007,4269.94,2025-07-10 12:15:04,0
4279ea27-c6bb-455d-a22c-2f92b1c2f9ce,3343,dev_2558,merch_4027,33.19,2025-07-10 11:28:14,0
bee81b41-9cb0-4fde-a391-db6c7c147994,2759,dev_6868,merch_2134,3160.49,2025-07-10 14:55:42,0
06d4f7c3-a189-435e-9f6e-89fa1a0eb371,3899,dev_4609,merch_6218,815.95,2025-07-10 13:59:53,0
f56869a8-e959-460e-8c5a-fd9ff3f1ff1a,7596,dev_7891,merch_2315,7886.92,2025-07-10 13:23:23,0
5a984619-7579-4e17-9b6c-ce9b51079c3b,4518,dev_2460,merch_2208,989.17,2025-07-10 14:25:16,0
11cc4727-96f5-42d3-a31f-55f00daf3dcf,5852,dev_7965,merch_3106,1676.53,2025-07-10 00:50:06,0
f27b2866-eca0-4a6b-b1c8-f58962972614,6786,dev_4019,merch_5882,1368.16,2025-07-10 00:28:35,0
4475b075-6b03-484e-b0c8-22389c317a66,8969,dev_9282,merch_9025,1963.34,2025-07-09 23:46:46,0
0d2c934f-92b0-4f46-b2ab-68aac9bada8c,5195,dev_5478,merch_3888,1924.46,2025-07-09 23:42:20,0
5eb4a3d6-2747-451a-8ec6-74f4dfba7217,4238,dev_6664,merch_4038,2193.69,2025-07-10 20:45:47,0
5d4207f7-0d76-4c3c-be1f-a8517fc3b249,5711,dev_1395,merch_4717,1257.98,2025-07-10 06:23:48,0
e80eb7e8-8d35-450d-a59a-1cd5c0568b7e,7161,dev_2672,merch_2809,6989.42,2025-07-10 05:36:16,0
f929b842-f6d6-4d18-b037-20cb3d14117e,1151,dev_8812,merch_1100,239.6,2025-07-10 04:33:32,0
4fc05c19-618e-4247-994c-319ffde2e4a9,1419,dev_2200,merch_4571,3406.16,2025-07-10 12:59:05,0
8d2b4e53-437b-4df4-a824-9a9ff9b485db,1568,dev_9916,merch_1490,399.29,2025-07-10 09:40:40,0
71f68319-c51d-4ecd-b1db-747863b8293e,8446,dev_3999,merch_4523,1666.59,2025-07-10 19:37:49,0
105e4117-dcc1-49d2-922d-c6ea90916b16,2172,dev_2639,merch_2086,1247.19,2025-07-10 13:48:12,0
f8643411-9c94-47ab-9ab9-0aa596252c20,3089,dev_4095,merch_6686,10633.73,2025-07-10 09:34:00,0
98f11f06-96bd-4c26-89c9-cccd55aa05ff,8372,dev_3129,merch_9125,483.39,2025-07-10 20:55:11,0
44bbc912-a3f2-4135-9946-81caf5dd9592,5176,dev_4664,merch_1215,273.37,2025-07-09 23:59:34,0
562c8596-426a-49c8-ba26-1204564541f0,7364,dev_4973,merch_3644,3961.91,2025-07-10 00:16:55,1
7527368a-859c-4f21-8de9-35614c269a09,9909,dev_7626,merch_8411,299.94,2025-07-10 06:23:54,0
48300028-9685-4ef4-8b49-0a812e84622d,8792,dev_2729,merch_4413,1388.21,2025-07-10 14:22:54,0
c6f16565-baeb-46a4-a168-8d344edf9416,9796,dev_7263,merch_5761,2089.32,2025-07-10 01:36:54,0
a8f9b58f-44da-4954-b717-927c2b86f5eb,6702,dev_6718,merch_7909,5820.47,2025-07-10 11:24:41,0
6d24d25a-7ef9-42bf-b3b1-c01d55904107,5608,dev_3451,merch_5483,66.37,2025-07-10 10:50:42,0
711fb47b-bc75-4e85-953e-7ac086596b1a,2082,dev_2528,merch_7673,1059.1,2025-07-09 22:31:11,0
39be7eff-41fb-4eaa-894e-f2f47ab2782c,2877,dev_3597,merch_9036,3038.52,2025-07-10 01:04:52,0
ea74f57a-2c38-4b53-9bab-27cbb8c3a8b0,7055,dev_1960,merch_1312,2903.57,2025-07-10 09:03:09,0
606f5270-11c9-4e86-8efc-3171d5a8246e,4563,dev_9668,merch_6958,6640.32,2025-07-10 12:59:05,0
b5167e76-ec91-4d3c-84f0-b2b100796d04,1041,dev_8897,merch_1488,3982.65,2025-07-10 14:54:24,0
66748536-0b03-4daa-b9ca-66900d3a0d08,3303,dev_2592,merch_7198,4411.8,2025-07-09 23:14:01,0
3c563385-1be4-4b29-87a8-22f15b830361,2005,dev_9036,merch_8812,305.58,2025-07-10 05:12:54,0
14703574-248b-4e9a-beac-88439358175b,1597,dev_4805,merch_9101,644.99,2025-07-10 03:36:43,0
86188722-d12f-4a9a-8272-7aed8f4901d0,1623,dev_7520,merch_9053,1876.76,2025-07-10 14:05:46,0
2ebe1bdc-ed10-4e34-b8b5-b884db768efa,4118,dev_5891,merch_6980,9017.64,2025-07-09 23:46:49,0
be86067b-cad5-4aa4-88d5-187e3fcc821b,9394,dev_1435,merch_2396,2687.17,2025-07-10 11:55:38,0
1bfc17e3-646b-49f3-bc31-4ef2d51c464b,3668,dev_7684,merch_4921,826.54,2025-07-10 16:00:49,0
abbe4847-b6e2-4547-ab9c-fbe0256881c5,5026,dev_6156,merch_3403,14870.54,2025-07-10 08:23:01,0
d67ecf1e-8b42-4851-a167-a2f0e5422030,4595,dev_6943,merch_4365,2125.34,2025-07-10 04:45:35,0
abe9fcb4-f036-449d-bf4f-d76b05ee0d6a,7159,dev_8141,merch_6158,1962.01,2025-07-10 14:16:34,0
a1c78774-6cd8-4e16-afb0-65a8c293ac22,2335,dev_6285,merch_9768,2708.13,2025-07-10 04:31:22,0
77172504-91fe-4915-a349-6521e5b49ff0,2451,dev_7401,merch_1233,586.74,2025-07-09 22:35:44,0
c157c887-9348-40ce-a999-96c3769e77e6,3379,dev_1339,merch_3712,6341.16,2025-07-09 22:35:18,0
4d614f72-687e-43a2-a2ff-f239f1341d56,9606,dev_7147,merch_1966,361.39,2025-07-10 02:22:32,0
7e859ed2-b072-42b6-aad4-a0e12fe717a4,8260,dev_1700,merch_6489,698.95,2025-07-10 13:12:37,0
5faaa5f3-83e2-44fa-89ea-22fdc8b134b4,1486,dev_4698,merch_9990,11409.79,2025-07-10 18:42:53,0
a0d9da1a-c1a1-4bcb-8fcf-ee2f04aac686,8016,dev_9120,merch_4341,9623.54,2025-07-10 09:13:40,0
cd2ba97f-84b3-41ea-b4fc-0fb9ed19ba8a,4580,dev_9151,merch_9426,1341.07,2025-07-10 18:55:43,0
2eb8577f-c0d4-47ff-81ee-3170a42ab244,5248,dev_7235,merch_3070,9650.81,2025-07-10 13:30:41,0
bb860dd8-48eb-47eb-a765-e4990520ef6a,6925,dev_2759,merch_3459,2421.8,2025-07-10 04:55:21,0
b72e4603-ea41-41ca-aeff-5c6dc8184b63,6069,dev_8321,merch_1535,1.75,2025-07-10 18:59:48,0
a23328f9-9c3a-4528-a7aa-5c2e35241896,1030,dev_4861,merch_5409,2751.47,2025-07-10 08:53:41,0
93fa30f2-b14a-4bf1-9bb1-815ccfcf0d0e,3145,dev_4107,merch_4225,5118.97,2025-07-10 12:44:14,0
a6f8b7d8-db86-4cb4-aab7-91969c6cd4d6,4657,dev_1289,merch_9072,9458.47,2025-07-10 06:18:19,0
5966cc7a-b3ab-48d8-a7d3-090ff226795b,5526,dev_6407,merch_4173,3285.67,2025-07-10 18:11:50,0
2fad0e72-9cd8-4f40-8293-9e95e70fdd02,3776,dev_6286,merch_4039,9417.04,2025-07-10 18:01:49,0
a8ae320a-18b5-47c0-8349-4a06176ffb3b,6585,dev_5979,merch_5714,5143.76,2025-07-09 23:01:00,0
d7cff9cc-d43d-402f-bef2-85370f1b4293,9643,dev_6576,merch_6356,1177.36,2025-07-10 15:47:15,0
54953f78-48d9-4362-9d2d-a542073cd20b,3601,dev_2329,merch_7345,120.87,2025-07-10 04:55:06,0
013d2b45-94b9-4962-9785-38fd8dbad67e,2234,dev_2058,merch_3115,263.29,2025-07-10 16:29:03,0
522799e5-6b3e-4961-a7d5-4d62e95fb5f3,7528,dev_2415,merch_5619,3573.72,2025-07-09 22:15:25,0
2d3fff5d-59cd-448a-aca3-00343e3add9e,8809,dev_9580,merch_5135,4239.09,2025-07-10 12:53:02,0
3cff65c9-3b69-4890-bd95-b5137b06ac30,7311,dev_2130,merch_8071,8144.13,2025-07-10 20:01:35,0
3e53b55f-abfc-4e33-a02a-0184c6092576,3382,dev_6932,merch_2977,5312.65,2025-07-10 19:44:26,0
245bbf9c-199a-4383-a8a3-d4bf404b8fa4,8910,dev_2009,merch_6576,947.3,2025-07-10 03:28:20,0
23e289cb-66e7-4477-ae94-14980a2058b8,7634,dev_4547,merch_7969,5352.56,2025-07-10 03:28:27,0
e43fa8d5-bf19-48be-8879-ed49d5e7f93c,2324,dev_7772,merch_9717,1262.66,2025-07-10 05:24:35,0
f61e10ff-ff0c-42f6-a120-73a37f8ebe75,1039,dev_5188,merch_2671,5997.39,2025-07-10 00:52:00,0
66fb4b34-976d-4ed4-8d37-b6cc23cc1d82,8300,dev_3103,merch_1716,1179.43,2025-07-10 09:12:13,0
5fd139e4-8339-47ee-ad82-e9a72e7f9661,2720,dev_6685,merch_4703,2905.58,2025-07-10 07:12:13,0
94cd8830-4617-45a2-8562-883e641f5a4b,2844,dev_1922,merch_2764,2261.5,2025-07-10 20:31:55,0
6dbda8c8-00c1-4b80-bc36-7e4e677b47ca,3487,dev_9237,merch_9973,7333.99,2025-07-10 17:20:07,1
ccb7afd0-269a-4027-b558-a28a210c7955,9130,dev_4284,merch_8956,245.15,2025-07-09 22:58:48,0
2865d6da-3bca-4baf-8718-6ac9f3e11f4d,9631,dev_5457,merch_1927,12.84,2025-07-10 10:21:17,0
b4088825-7c98-40b9-8558-3194411dcd83,3318,dev_3081,merch_6682,2171.48,2025-07-10 01:55:57,0
57b659cc-a674-4391-8809-7ff36bc831c6,7798,dev_9146,merch_7471,16519.94,2025-07-10 09:08:27,0
7eb8ebba-2d51-4776-9283-84b4df352730,5186,dev_5691,merch_6357,1842.53,2025-07-10 21:05:01,0
b905436f-308a-4564-b876-3d19af6b070b,5261,dev_9289,merch_4409,6153.42,2025-07-10 19:46:59,0
23fac0a7-4317-4ef4-9729-b43200d8ad02,4036,dev_9271,merch_8156,60.19,2025-07-10 04:02:44,0
4dcfc89e-50f1-43ac-a522-c006d51976d4,4533,dev_9585,merch_9409,1380.31,2025-07-10 20:40:58,0
c852f7bb-8712-4e01-acf6-75e2fef88396,8984,dev_7808,merch_5198,6716.2,2025-07-10 03:16:59,0
f05f75cc-898c-471f-a2f3-5a41e6517be6,3801,dev_3503,merch_4522,3764.52,2025-07-10 17:39:09,0
1c4fcbd6-f7aa-4415-a794-649dd7caac06,4779,dev_9090,merch_7891,7734.84,2025-07-10 07:21:10,0
7476681c-f0fb-44f0-b934-06b4bfdb41ab,1079,dev_8398,merch_1379,3672.8,2025-07-10 20:27:25,0
efcbe905-e1ac-4dd7-a37b-7a99ddedbe83,7373,dev_9006,merch_9738,2270.1,2025-07-10 08:31:25,0
bee28b6a-8654-42bc-a634-79842b47903c,8499,dev_3764,merch_4228,427.03,2025-07-10 04:57:02,0
0aa95103-b101-4a06-89a7-556b750aeeae,2049,dev_7754,merch_5187,5056.43,2025-07-10 03:39:10,0
09c4550d-975a-4b14-ba56-ac6097e60783,9398,dev_6254,merch_1265,5081.44,2025-07-10 01:21:13,0
c86e1860-0e45-4657-8bbc-3e08e1fc0444,3541,dev_1162,merch_9731,2353.65,2025-07-10 11:18:48,0
e88201de-739c-4239-8a02-fbf62860a31e,5802,dev_8310,merch_1152,883.46,2025-07-10 19:15:54,0
2be076a1-3972-48a6-8587-b0ad11b82ec6,1640,dev_5368,merch_9134,1657.33,2025-07-10 16:31:53,1
7a15c124-bdd7-4712-b472-908859dc0757,7263,dev_3245,merch_2986,1296.1,2025-07-10 12:13:53,0
2f74161f-997c-4d02-88cf-055106681d26,9257,dev_2539,merch_1581,4483.26,2025-07-10 01:27:35,0
4fb5277c-4544-4568-9369-711144543dd2,9353,dev_9476,merch_4339,161.61,2025-07-10 18:05:39,0
ca4900f1-be92-434c-9acc-dc4a7b5bbda3,8513,dev_8515,merch_9831,11370.09,2025-07-10 08:10:05,0
3ee34680-b3a1-4de0-8072-4c20f4fc808e,8013,dev_3679,merch_5050,2146.07,2025-07-10 10:08:54,0
d29b2fe8-338b-49ae-86aa-3cfcd481c198,1966,dev_1212,merch_5597,4073.1,2025-07-10 17:41:19,0
f454e901-9527-403b-9b43-c4a513c0ad47,8167,dev_8143,merch_8118,7026.89,2025-07-10 12:42:19,0
5f25a6d5-00af-4887-b43b-0ca9f66add9d,5988,dev_5941,merch_2075,3886.82,2025-07-10 18:10:58,0
1a65a0fc-d0c2-4e41-bdc4-3ec0da2a34c8,9731,dev_3522,merch_9016,2321.95,2025-07-09 21:35:39,0
98f32f33-4c63-42d4-96d9-0d826d6d578f,9544,dev_2128,merch_8916,209.4,2025-07-09 23:16:40,0
a6c9dcb3-4fab-45df-a3a6-97c7ff064fb9,9676,dev_9049,merch_6217,5077.39,2025-07-10 00:06:22,0
9c4bf725-a837-44cd-a0d0-8cff96f859ac,3950,dev_3901,merch_3987,4223.83,2025-07-10 12:28:33,0
15dcdd56-c41f-4aa9-bc4d-5e31e9b3b85f,8775,dev_8602,merch_7010,7082.97,2025-07-10 07:29:18,0
074d9879-68d6-4dcb-a1d4-16c181297639,2054,dev_2838,merch_6172,735.06,2025-07-10 02:06:49,0
dae12e6d-bb08-437d-a66e-aff07745d8ec,8721,dev_7410,merch_2613,3331.74,2025-07-10 17:51:41,0
4e8c4f8e-3a0d-45ca-a1ff-9244d2535165,6875,dev_9042,merch_7993,6103.42,2025-07-10 00:32:58,0
86194f29-1308-4970-98a1-7ff7c8d2d4e1,5186,dev_5907,merch_2783,157.89,2025-07-10 19:31:32,0
78cb88bd-1454-4f80-a403-bcca1dbe4443,1765,dev_8929,merch_1142,2045.61,2025-07-10 00:51:19,0
ad1f7dfa-71d9-41d8-977f-67261ee38748,9758,dev_3227,merch_3515,915.69,2025-07-10 01:45:21,0
85573cf2-c6c1-4152-bead-46bedb2732b6,2041,dev_7271,merch_1305,3860.12,2025-07-10 01:21:15,0
00ca219d-a366-409b-94ca-6dd5d877b82e,7313,dev_9614,merch_9775,1538.85,2025-07-10 16:17:04,0
39f79bd0-b98f-4576-bac6-e537ec461e95,4789,dev_7292,merch_5773,2176.64,2025-07-10 20:45:45,0
97883ffd-8353-47de-ae41-cc1e2722d4df,7776,dev_8467,merch_3529,2613.06,2025-07-10 10:31:23,0
8a498302-80d0-44e9-b1d0-643679ed0af6,5869,dev_3288,merch_1156,840.42,2025-07-10 08:00:31,0
93d6a912-8606-4476-b59c-4df7803935da,9421,dev_9266,merch_1625,1726.43,2025-07-10 03:06:41,0
1d0a2e68-dc1b-4789-9e78-2c33517f48f0,2658,dev_8815,merch_3498,686.96,2025-07-10 01:36:46,0
28512b6c-8793-43f2-a906-079e07beb39f,5715,dev_2089,merch_6935,5769.34,2025-07-10 16:45:17,0
08349e26-0887-408f-95bf-3892cc416ffd,8815,dev_5353,merch_4983,7124.33,2025-07-10 19:48:07,1
11676aad-adb8-415e-ac00-c94de0647afe,9805,dev_9060,merch_9820,3071.34,2025-07-10 14:03:17,0
3b716b54-67f9-4610-af3a-314719b69df3,5420,dev_5081,merch_4313,8226.05,2025-07-10 13:02:52,0
80a7f1ed-ed3f-4486-a64d-6b2cc49ae4c9,4237,dev_1765,merch_4549,9908.4,2025-07-10 05:31:52,0
c8eb7969-3b05-4408-9bd6-cf214f9b8b47,7355,dev_1581,merch_3890,104.49,2025-07-10 17:00:48,0
09779046-041f-47ae-8d01-b4b60f24dbac,2455,dev_9426,merch_9685,380.4,2025-07-10 20:13:37,0
c064f6b9-019f-4c5c-8224-f7b2329c8ab6,9925,dev_4795,merch_6846,3096.28,2025-07-10 08:23:32,0
333f8359-86f4-4dd1-bc42-6c5c31984d62,5846,dev_4937,merch_8936,3430.64,2025-07-09 23:51:53,0
b25d566d-a98a-4807-a203-40fe13c44a1c,2573,dev_6310,merch_7822,6447.87,2025-07-10 05:15:18,0
60b8e8ce-3b6d-476e-8379-c2c009ff2c34,3388,dev_5910,merch_1280,4208.17,2025-07-10 15:43:26,0
cbc394ab-f9c2-49d6-80c5-ddc98e89e5ae,1859,dev_6102,merch_1549,664.08,2025-07-10 14:34:26,0
86ddb450-4b61-4ca3-97a2-e19d22627811,9773,dev_8113,merch_8555,616.64,2025-07-10 10:44:26,0
c8e93efe-9e8b-4af8-b8d9-9e69ae1aea5b,8081,dev_8777,merch_6225,3029.16,2025-07-10 11:25:13,0
b67e2df4-2369-40af-9a97-4f291d417064,5393,dev_5052,merch_1743,4909.88,2025-07-10 04:27:36,0
cffdfaed-5675-4995-ae0f-98ce7d3926b4,4953,dev_6015,merch_4997,40.02,2025-07-10 10:06:44,0
ea3409a3-14aa-42d5-91b5-412d360df6db,4907,dev_2321,merch_9077,3946.35,2025-07-10 09:45:33,0
84a0f3c4-cbee-4e44-add0-7f178e35925b,3010,dev_5781,merch_7812,1110.9,2025-07-10 14:09:02,0
26c11332-6540-4626-857d-b47317ead7b2,3950,dev_9303,merch_2481,718.86,2025-07-10 11:27:44,0
62b44537-a350-4640-8b87-c73f81c5b04e,2972,dev_5018,merch_2641,4984.91,2025-07-10 19:14:38,0
2a077165-52c9-4414-a749-e6e24e58b327,2022,dev_8980,merch_1586,5416.3,2025-07-10 20:23:41,0
f5382b2b-7248-464b-8bc1-769d66fa7b2d,9382,dev_1890,merch_8955,639.54,2025-07-10 02:11:26,0
cae63883-32b7-43f7-8984-563770fa1537,7930,dev_6841,merch_9676,129.42,2025-07-09 22:24:17,0
98323883-51a1-49d7-858f-78dccbb77d27,4481,dev_3232,merch_4579,685.9,2025-07-10 02:47:52,0
ad5c8a3e-e9cf-4a41-be8d-ee89d86a8d9b,8419,dev_8389,merch_8398,7174.37,2025-07-10 18:28:36,0
2cd99608-ee4a-4fec-aa37-d12176047358,3498,dev_6042,merch_1816,1177.49,2025-07-10 20:28:39,0
e3bac568-f3b7-4e9e-8055-bf2d923f6dfd,4050,dev_7283,merch_3679,3550.03,2025-07-10 00:21:34,0
84d407af-9d24-4aaa-9ac0-a80adb94e383,3606,dev_6999,merch_7032,1841.19,2025-07-10 10:39:38,0
63be1705-148d-4f00-a9f0-0ce88c277a25,7782,dev_7966,merch_1487,1136.07,2025-07-09 22:04:59,0
4d96e5ea-0cf6-4202-9622-479bef0fbab6,3125,dev_4713,merch_9218,1086.22,2025-07-09 23:27:05,0
36b564bd-ef85-4f7f-8717-2ddb482d6f68,6152,dev_4264,merch_9019,3270.92,2025-07-10 20:23:56,0
a77fd100-d9fa-4e3b-bf8b-00ab4586cefc,3971,dev_7892,merch_9153,1714.79,2025-07-10 11:35:27,0
3aa383d7-0280-4abd-8095-18d3a832994c,9181,dev_5120,merch_7077,4184.45,2025-07-10 02:39:47,0
618e7d8d-bfe0-4e2c-88d7-3456e898dbb9,8755,dev_8343,merch_1122,9396.96,2025-07-10 07:33:21,0
0f1aaf8f-9a32-46e6-8602-d2eda8717255,7345,dev_3161,merch_6382,2418.81,2025-07-10 03:14:34,0
5cb48b2d-8c58-4e3b-8db8-926b61aa93ec,4819,dev_5162,merch_3834,1252.53,2025-07-10 01:29:10,0
ccbf06cb-7990-43f8-94d8-c0d6a40033b9,5723,dev_3679,merch_1626,3085.61,2025-07-10 20:05:34,0
c013d4ea-8877-4c15-a629-1f7853af98ef,3853,dev_4737,merch_2311,3608.99,2025-07-10 05:36:58,0
779cc832-f13a-4452-afd9-d60edf176c84,2099,dev_9190,merch_1488,5266.78,2025-07-10 03:25:43,0
77d33fd7-02fa-437c-a317-b3c691bb43d9,6501,dev_5319,merch_6783,1046.51,2025-07-10 19:21:05,0
5026c747-cc7e-4097-8102-0969f208b953,8566,dev_7031,merch_8044,8905.25,2025-07-10 20:30:02,0
4b998ee7-54f7-4c7a-92d6-6f1d2b2d9d7f,4720,dev_1101,merch_3054,968.36,2025-07-10 14:05:00,0
de648fee-99dd-4b84-be78-6cce40ff9c07,2435,dev_2866,merch_8476,2159.42,2025-07-09 22:50:31,0
84532097-4860-44f1-a8e6-460b1d01f81c,5470,dev_3841,merch_6521,142.56,2025-07-10 09:57:08,0
19a2fd39-b454-4c3a-a582-103548daa834,3503,dev_3907,merch_3340,1395.89,2025-07-10 19:49:55,0
6a849cf2-aced-4b01-81a0-2ac0a6a16d58,2908,dev_2444,merch_5728,2353.43,2025-07-10 18:30:32,0
d1620232-ecad-4ff6-95a5-8c2db5897186,5023,dev_2177,merch_1582,1370.42,2025-07-10 04:28:46,0
8b2eabf1-2683-4616-ad9f-34b14944e561,1801,dev_5228,merch_2725,541.55,2025-07-09 21:40:12,0
286683e2-e8ef-4517-977d-17e8a0400b37,3927,dev_7620,merch_9347,1304.07,2025-07-10 04:56:57,0
cc914834-410f-411c-8725-a325c75405bd,1241,dev_6093,merch_5363,17.89,2025-07-10 05:23:23,0
33731af9-2478-4f13-812f-40e3b65ab8aa,3506,dev_5559,merch_5913,664.93,2025-07-10 17:37:29,0
d685c98f-eeb6-4d6c-beb6-925b264e77f8,2433,dev_4046,merch_4833,3923.32,2025-07-10 13:38:01,0
26c11461-a9de-4811-a176-194481edfee6,2505,dev_6662,merch_6521,371.96,2025-07-10 00:41:11,0
bacd1bfa-2a99-4d21-8f16-3de4c2875422,3555,dev_3123,merch_8332,700.03,2025-07-10 00:43:16,0
c4b697c1-89f1-4645-8960-818833accfd5,4887,dev_5078,merch_3352,5078.25,2025-07-10 07:38:01,0
f013ca7a-6c39-4442-b94b-a828cc907a55,1939,dev_4193,merch_1490,5690.82,2025-07-10 16:51:42,0
b2bc4256-5524-4d02-8316-7d557f40ad2d,6814,dev_3004,merch_7053,1008.41,2025-07-10 15:49:29,0
efd6035e-38d2-4158-b922-8f2ad2f458d5,3174,dev_3683,merch_1766,6785.14,2025-07-10 18:28:28,0
50848472-1eba-4933-b2bc-f035bad2c59a,9585,dev_1946,merch_7232,821.26,2025-07-10 07:10:43,0
f5469b02-e254-4344-86e7-8afaeb93c28f,6038,dev_3461,merch_7927,844.38,2025-07-10 04:10:52,0
4a5d3e33-03ce-4cfe-bf98-987c31d8c4fb,9364,dev_2770,merch_5294,569.71,2025-07-10 16:42:48,0
c629d552-0ecc-4ae1-9e84-2e5e13fdd1ff,9304,dev_8607,merch_3050,1292.93,2025-07-09 23:28:52,0
8b20d2b9-93bb-453c-b447-d02f53332849,1213,dev_5298,merch_3370,710.92,2025-07-10 00:14:31,0
06065c1b-eb0b-4e2c-bc11-957775aa3bad,7079,dev_8387,merch_8594,4858.32,2025-07-10 06:03:39,0
f4933ac8-74da-486f-9ff8-940bdb017fdf,1875,dev_3003,merch_9706,2122.76,2025-07-10 02:11:40,0
30435391-b5ef-4e26-983b-c80b3ffaba91,7450,dev_2983,merch_3975,400.2,2025-07-09 21:52:08,0
fb4005a4-2fc2-4f7e-bbed-6559b64fe573,8126,dev_4217,merch_2516,1831.22,2025-07-10 05:44:55,0
47860927-e3c6-4203-b2bd-b332d718c0cf,7234,dev_3938,merch_7929,341.67,2025-07-10 08:40:09,0
12e68c27-0b96-4604-9e21-d3bd80a1c40a,8472,dev_3360,merch_4268,3125.67,2025-07-10 10:17:45,0
b4039dce-d7d3-4972-aba1-f328ffdeeec5,1296,dev_8701,merch_7984,1582.04,2025-07-10 11:15:59,0
900597ca-b63f-42b9-b22a-529ea7bb695a,4431,dev_2700,merch_2688,7409.77,2025-07-10 03:08:15,0
4fc17893-78cd-4c35-85f7-31a16aab07ae,1407,dev_3979,merch_3352,3404.49,2025-07-10 08:48:54,0
1c5de4a6-65d8-4e02-9783-80d2117bcbad,4208,dev_9915,merch_8355,16560.04,2025-07-10 04:31:01,0
f009fd98-3b02-4cbb-9c85-cf4fb443a7ab,5430,dev_6410,merch_4785,618.34,2025-07-10 11:39:54,0
e5fb7de6-c651-4750-a492-9a7efa345e60,2752,dev_1414,merch_8588,213.88,2025-07-09 22:11:00,0
a68b5dc0-11c3-411a-9510-cab6350fb694,3274,dev_5711,merch_8511,2401.72,2025-07-10 05:14:10,0
000d66d6-2be1-479d-ab53-a32ccb66d267,6344,dev_1339,merch_6700,5059.91,2025-07-10 02:26:05,0
7dd19b29-638f-4404-8d92-d95358237d8c,9816,dev_1736,merch_5225,4818.48,2025-07-10 11:35:52,0
7ba35629-bf39-4b03-b67e-04dbc2235763,7795,dev_3290,merch_6399,864.05,2025-07-10 06:25:39,0
eb96f1f6-743b-49c6-a276-8580c4afb17f,7202,dev_8207,merch_6875,4018.29,2025-07-10 19:52:19,0
26be4fde-5486-426f-b649-fb5589f2e12d,8596,dev_6263,merch_3475,9976.62,2025-07-09 21:15:35,0
db0f3902-8daf-4bef-aaa7-f7ccc81eed53,1541,dev_9245,merch_4146,407.39,2025-07-10 10:00:24,0
2a934aa6-3324-454f-8757-e60ad780beb7,4227,dev_5769,merch_1960,726.67,2025-07-10 00:07:36,0
1186baa4-96ca-4b57-9c90-7ef2394ff7fa,8977,dev_7697,merch_6893,15.59,2025-07-10 14:21:55,0
0f8f4461-c455-404b-95b8-57f04b78c497,8527,dev_6138,merch_4703,3272.06,2025-07-10 06:05:25,0
e41838a0-3a51-42aa-ad99-2dd681c5e195,3913,dev_5626,merch_8822,1643.89,2025-07-10 19:36:09,0
2e4fbf8e-22be-4fd0-96b4-714da1d0af49,5279,dev_6502,merch_4816,120.21,2025-07-10 00:33:27,0
e66af326-d21c-436d-977c-dd43fe8ef57b,1201,dev_5413,merch_8379,4063.98,2025-07-09 21:32:38,0
5cb780b3-050e-421b-a66d-46849e0e029b,3115,dev_9305,merch_1084,4156.57,2025-07-10 00:33:31,0
30570144-79b7-4f1b-80e5-3548e4a17e04,1493,dev_5045,merch_4514,4020.68,2025-07-10 16:59:31,0
babd0b7f-58dd-4841-b368-3936dc68c922,6751,dev_9719,merch_9461,6832.78,2025-07-10 13:15:05,0
155aff32-d380-447c-8639-c8814812d1a4,5138,dev_7232,merch_6324,2804.73,2025-07-10 20:00:46,0
7c41ccfa-2478-49f6-84aa-51c57610542d,4305,dev_6129,merch_1778,8084.61,2025-07-10 17:29:36,0
74272fb7-567a-4e51-b498-bc17044cffa2,9679,dev_4943,merch_7702,3009.78,2025-07-09 22:30:40,0
7cfcd6e5-2554-4b63-af77-fa9d020cb7c7,6189,dev_8343,merch_1253,9117.48,2025-07-10 07:20:44,0
d3f16db0-1704-4ff0-b94a-854d62ed7b36,5266,dev_4128,merch_7619,754.62,2025-07-10 15:01:42,0
c5bc173f-4b76-4832-895e-2b886c100b3c,8305,dev_2895,merch_8754,2818.54,2025-07-10 03:09:06,0
2e1b2485-d5da-49d4-b7c9-ab1af7ec2567,7908,dev_3213,merch_8210,3815.02,2025-07-10 02:28:45,0
9021730a-a9df-429e-bd03-ebbc2692817d,2107,dev_2849,merch_4757,789.17,2025-07-10 04:12:58,0
6b04771e-5e5a-417c-b850-865a2987d005,7114,dev_3371,merch_6849,1665.63,2025-07-09 22:06:35,0
ced4efff-e6a6-4c3f-9096-7a3f067da4f3,6026,dev_1253,merch_1522,3322.4,2025-07-10 13:09:41,0
98a9b303-5bc7-463f-a220-e5dfc80f3bfb,3697,dev_7577,merch_1109,1926.26,2025-07-10 03:27:26,0
95b3e847-101f-406f-89f1-75ac2a1469a8,3021,dev_2067,merch_6720,4909.99,2025-07-10 09:56:02,0
53c68d3c-ae51-4d47-92e8-992852646681,1059,dev_5326,merch_2713,1869.09,2025-07-10 00:04:44,0
e9136ee0-4eed-4f21-bb8c-8b73ec20789c,2816,dev_8604,merch_1267,1153.34,2025-07-10 04:07:19,0
6dc23517-8568-4a89-9bc0-533469105308,7256,dev_3750,merch_3950,109.35,2025-07-10 08:30:41,0
9afc7b8b-656e-45f2-b658-76fcdba4933a,7041,dev_8689,merch_5644,6193.12,2025-07-10 03:03:24,0
3f9de17c-fee8-4b18-980a-ed7984e3d893,2631,dev_2541,merch_8719,5958.82,2025-07-10 01:36:02,0
104e2aaa-5072-495a-92a9-8a0ad2d4fd9d,8913,dev_1136,merch_7249,4038.36,2025-07-10 16:54:50,0
8197fab4-3388-4a19-9e46-b1bfd12c1839,5460,dev_9506,merch_6559,7036.08,2025-07-10 20:25:52,0
9356dea0-89df-4417-b36b-d0b93298d4de,7566,dev_4452,merch_4453,1671.94,2025-07-09 23:06:51,0
2ce54cb7-006e-4071-81ae-1e03fbb20774,4776,dev_1287,merch_2007,587.42,2025-07-10 06:42:21,0
48fd76a2-d3d9-4326-854b-d42c335146ca,7344,dev_5672,merch_8914,3858.64,2025-07-10 07:55:32,0
83c319dc-dbc2-49f0-8986-09158903e31c,3720,dev_5114,merch_6289,1732.93,2025-07-09 22:22:17,0
c9c8773a-758f-42d7-abbf-866eb73b77b9,8254,dev_8840,merch_6564,3603.03,2025-07-10 08:15:43,0
0fd1bfb3-7dea-4bb0-9501-7b9149c642ca,2834,dev_8521,merch_4286,2941.51,2025-07-10 09:46:42,0
d739bdf3-d99e-48a3-82e4-00dce98b72e9,2371,dev_5412,merch_4985,6489.25,2025-07-10 01:37:27,0
8c26fde2-0a80-4f74-8b73-8ebb22e0931a,5674,dev_7836,merch_1436,233.39,2025-07-09 22:32:51,0
959576a7-4c2b-4457-8882-917ed5053a1a,4180,dev_5953,merch_5998,7891.81,2025-07-10 18:12:41,0
2720a954-5274-4f80-8400-ae6a82e05119,6855,dev_6891,merch_1505,5308.8,2025-07-10 17:29:44,0
db615ccd-f921-463f-8e6a-1b9060f47640,7058,dev_6518,merch_1919,752.34,2025-07-10 12:03:22,0
704a8a58-f983-4f2b-b2c7-b22ade3bdf59,8014,dev_4470,merch_8029,3472.52,2025-07-10 12:56:21,0
29a5dcac-c3d1-432c-b6f7-311c1cd1e48a,5242,dev_7351,merch_5243,5175.03,2025-07-09 21:32:28,0
fc663df5-1a7d-4b38-bbe5-252b504edec6,3242,dev_5419,merch_5000,10285.8,2025-07-10 16:21:48,1
75a09a8c-1306-46c1-af3d-af616440fa0a,2065,dev_3830,merch_6012,3381.65,2025-07-09 21:28:24,0
55c78076-a8bf-4e1c-aef7-3eedde981e77,3227,dev_3918,merch_1292,6644.35,2025-07-10 06:56:07,0
d805ae99-3f14-4abb-9cab-7203420b88e4,3532,dev_3274,merch_4549,1097.16,2025-07-10 00:26:17,0
b30f800f-4282-4ecc-803f-8442a711856d,6326,dev_1643,merch_1016,2696.29,2025-07-10 09:34:21,0
1c3972b2-1077-4e60-aa41-74dbe0cfad68,8899,dev_9707,merch_8472,830.88,2025-07-10 03:10:35,0
2e644633-2675-4ef6-afbb-b0d326783ba2,7072,dev_8799,merch_6312,6948.72,2025-07-10 05:58:10,0
69800340-f7d2-41ca-889c-b9cf3a6b5083,4158,dev_6040,merch_3120,2292.16,2025-07-10 06:21:02,0
e6d2c2a6-2ad8-4817-b245-a39852f40d05,9213,dev_5668,merch_2418,8151.74,2025-07-10 04:04:53,0
5d13b79e-dd23-4cb8-9dc5-3688b8c7ade7,2264,dev_5219,merch_8708,1270.13,2025-07-10 03:10:22,0
d5c5714f-ec02-4a28-875e-e39be1bfde11,4014,dev_9248,merch_9036,138.6,2025-07-10 18:51:52,0
ca412a23-a552-4140-91c2-66877fd50b43,7095,dev_9782,merch_9042,9047.85,2025-07-10 16:51:37,0
f0f08acf-d1b4-4e70-9df5-824b7a974b22,8134,dev_9344,merch_8038,6269.95,2025-07-10 03:16:48,0
f9712180-1ce7-443b-b828-8bcc9729f203,8875,dev_9774,merch_2225,5879.78,2025-07-10 07:20:47,0
214b2105-0cb6-454b-bc4c-5c26f71b2d18,8972,dev_1817,merch_1527,4542.92,2025-07-10 00:50:11,0
e79a66d8-c235-4e93-b9f1-4732ee4839cb,7936,dev_5627,merch_7350,1138.73,2025-07-10 05:15:19,0
7533464e-a181-4973-9d57-705efa65ec1e,4782,dev_3696,merch_5170,6425.5,2025-07-10 11:06:40,0
af2d658e-7b34-4f2b-ac8e-20454a977455,6249,dev_9141,merch_7009,684.15,2025-07-10 20:46:59,0
e4b30124-3e3d-4b3f-bb0d-b0e05929fc0e,8418,dev_2783,merch_4092,46.01,2025-07-10 03:35:20,0
480739aa-f11e-4946-8938-24b629efeec0,8100,dev_9014,merch_6179,1395.39,2025-07-10 19:52:52,0
94808c67-4a15-4007-acc0-ad289819ebc8,3916,dev_5425,merch_9188,5604.55,2025-07-10 09:12:56,0
b0ce545f-444b-42b0-9a6b-cd07c0235221,2010,dev_4357,merch_1298,210.42,2025-07-10 00:00:16,0
d49d378c-5651-4b4d-a0ab-9da6d4c59ccb,3787,dev_1750,merch_1450,2976.72,2025-07-09 23:48:38,0
bf312d7f-1d52-43c4-b4fb-618c3a4e73c2,9428,dev_2615,merch_7335,165.35,2025-07-10 06:56:09,0
ac0d4979-15f8-4353-990f-5099fc902c2f,8502,dev_4006,merch_2802,3815.17,2025-07-10 20:49:52,0
be7e9842-8d06-4c93-bb0a-2c7864315ee8,9523,dev_9218,merch_9118,5794.82,2025-07-10 09:22:54,0
e4f831c0-399d-44c9-ac28-0266e2d7dc87,6135,dev_6886,merch_6301,9300.09,2025-07-10 14:48:12,0
d1e7b6a7-0dc7-47d0-ab1f-00520cc99e18,8351,dev_4434,merch_9141,5796.62,2025-07-10 14:02:42,0
a91ca4a7-e291-4600-a8e2-37523549bc1a,6031,dev_4907,merch_5941,5226.71,2025-07-10 03:31:42,0
60eabddf-e826-4e56-aed7-2f79a0e40d2c,4124,dev_7293,merch_5470,686.23,2025-07-10 03:14:16,0
9f0df349-b62c-4c3d-998c-112e22c8a7a2,1191,dev_8379,merch_8104,715.96,2025-07-10 10:25:59,0
efd5b08c-ead8-4a45-94a6-e84fed6c96b5,7801,dev_5739,merch_9965,11375.81,2025-07-09 22:56:13,0
1ed605d1-4f97-4a64-b621-229f71dcecfb,2521,dev_9017,merch_9527,2770.46,2025-07-10 06:25:17,0
fa96f1df-66b7-437e-82a0-31c8f76ed8b5,5064,dev_2672,merch_4954,5204.29,2025-07-10 17:44:36,0
d4dfe095-d201-43ff-90d5-8afea90bbfae,2290,dev_3710,merch_3150,2533.96,2025-07-10 11:53:33,0
c50e9d1f-29a2-49dd-96ec-4dd3035e2d62,9424,dev_5454,merch_2489,1152.8,2025-07-10 01:11:08,0
780ec3de-3f9d-46bd-afc6-c822379dd06e,3955,dev_7244,merch_1362,3045.67,2025-07-10 19:38:34,0
b183e919-800e-43ee-a184-372955f2b9de,4402,dev_3600,merch_6402,1576.44,2025-07-10 13:37:05,0
4355c551-6f3a-44ff-9bef-612d86adff32,9057,dev_4042,merch_2959,5100.51,2025-07-10 01:05:01,0
6e3a696a-33db-48a6-974a-a615856e1523,1732,dev_8320,merch_8553,847.01,2025-07-10 20:10:03,0
c16d3124-dfa9-42d1-9a67-64567ebcb387,5680,dev_5124,merch_9448,1595.89,2025-07-10 07:26:51,0
87d05be6-37ae-4611-bf8a-410e36117021,6198,dev_1054,merch_8304,214.3,2025-07-10 11:44:49,0
e8e80f68-dcbc-48b8-967f-4d5c85cc63aa,2859,dev_9794,merch_8713,3262.23,2025-07-10 21:09:54,0
1a94383f-1fda-4c0e-b5f1-fe5c632882af,3582,dev_2698,merch_9194,668.39,2025-07-10 10:36:27,0
12d97d76-8efd-4740-9d1c-d39e32a6555b,1208,dev_3040,merch_9011,2048.52,2025-07-10 06:48:57,0
c593e17c-44fc-4952-ba2b-326bd371d94f,9330,dev_1009,merch_6642,5181.35,2025-07-10 02:27:48,0
af347483-25cd-4980-bfe1-57605fef1568,6958,dev_5924,merch_4046,4262.6,2025-07-10 02:24:53,0
bfd23e19-37c8-4991-927b-2820eb7368d7,9265,dev_2870,merch_9311,456.41,2025-07-09 22:44:11,0
96cf23ad-63ce-44da-a7e0-67f29061a006,6824,dev_7388,merch_3326,564.98,2025-07-10 17:22:36,0
76436099-647d-4873-9973-683360ecbfae,3487,dev_6083,merch_1397,8555.43,2025-07-10 06:42:26,0
9970f007-aff2-4163-9d6d-c41c33602013,9852,dev_2946,merch_4499,3453.94,2025-07-10 06:53:44,0
cbb38eb0-48ec-4990-85f0-f68a26f90596,9498,dev_8311,merch_8642,3909.18,2025-07-09 21:14:22,0
5ff736f9-ff75-4d68-b682-45b8300b5986,5459,dev_9147,merch_9276,6492.76,2025-07-10 10:17:14,0
933102ff-b48f-45e8-b746-8f61df8f1b62,7562,dev_2697,merch_3590,2794.79,2025-07-10 17:51:39,0
c35fe169-9c9d-4eae-9956-113933233e58,3501,dev_5303,merch_1612,1032.24,2025-07-10 18:17:29,0
aba600ed-e397-4846-9517-d5a676cd8c07,8245,dev_7772,merch_2312,364.92,2025-07-10 11:36:28,0
c1b22b24-5a9a-4468-b62f-2d85e51d9ff2,8415,dev_8608,merch_7789,1824.73,2025-07-10 12:16:23,0
49ff6961-9f8e-4e99-baa3-2090c4c21ef1,9048,dev_3981,merch_2726,765.97,2025-07-10 08:47:08,0
1100722a-0b54-4003-bb4f-c6d103f777fd,5266,dev_2261,merch_4994,4138.33,2025-07-10 17:30:10,0
fe590876-c3db-4b01-8dea-d5bec08f81d2,8795,dev_3488,merch_1468,1269.69,2025-07-10 08:28:08,0
7128e258-7bd8-4d91-970c-7cff713a75db,1669,dev_9710,merch_7549,493.56,2025-07-10 14:49:31,0
473ba31c-2b3d-4afd-97ed-59ecc7275ad6,5521,dev_6861,merch_3659,594.62,2025-07-10 07:06:26,0
a9710f58-7358-435e-886b-776d11dcc7f5,8164,dev_9644,merch_7395,82.45,2025-07-10 10:02:47,0
80fda2ba-73b2-4324-83c8-12b46f83e6f5,7620,dev_2195,merch_9865,1496.62,2025-07-10 12:02:11,0
c0467232-3780-4fbe-a64f-41554edad80f,7709,dev_7298,merch_6080,1269.8,2025-07-10 09:09:24,0
a6406280-e031-477f-89bc-e91885bc98d2,4024,dev_6723,merch_9160,23.46,2025-07-09 21:38:21,0
7a960a84-f859-4baf-94ee-e6a69c4c44af,1349,dev_3363,merch_3173,716.8,2025-07-10 08:16:31,0
0b88eddb-ea42-401e-bc39-2e06fcfce00f,3667,dev_9111,merch_9199,6362.78,2025-07-10 00:58:02,0
a07e5ac3-299c-457e-bae9-5daefee15ea6,7796,dev_3430,merch_6354,3797.66,2025-07-09 23:12:04,0
8016fbac-a0c5-41ee-8fdd-9aa75b74488f,7070,dev_4815,merch_8675,2116.19,2025-07-10 11:19:04,0
869a4ce1-e82e-43c5-8c39-df4df8159670,7898,dev_7670,merch_4542,949.39,2025-07-09 21:49:23,0
8abd311b-e258-4d00-a97c-dac902c1eddd,6046,dev_8134,merch_2848,1421.42,2025-07-10 14:04:44,0
b0e1e1bb-5639-4755-9cb4-f08926f21d1a,3137,dev_1180,merch_2240,497.18,2025-07-10 07:15:09,0
7d4cc363-d732-47c5-9bb3-d97e3217d8f8,6509,dev_2858,merch_5239,991.5,2025-07-10 12:03:40,0
252a1a5c-7220-4058-8907-13735b786461,6677,dev_5242,merch_1946,3599.08,2025-07-09 22:26:55,0
8f67b5f4-115e-4825-92b3-70c13988c56d,8774,dev_7107,merch_7796,782.81,2025-07-10 15:23:06,0
6e64bbbb-e96d-47c9-9bef-8bd004eced60,4940,dev_9456,merch_8862,1607.72,2025-07-10 17:31:41,0
3fa3e13b-b317-4ab2-a199-6109845b1333,8595,dev_3379,merch_3987,24.78,2025-07-10 00:07:51,0
1d4d8013-605e-4646-ad7b-42fefe2f29b6,7285,dev_4635,merch_6314,5126.48,2025-07-10 06:59:50,0
e937d607-6c0a-4371-bec4-cf4525202610,4777,dev_2316,merch_6411,451.25,2025-07-10 11:27:49,0
83c4b307-484d-43d3-b198-2cdfe05702de,7798,dev_6973,merch_4703,3522.97,2025-07-10 08:16:50,0
0b020976-964c-46e5-ac0b-a5f88b1ba8e3,2493,dev_3557,merch_8242,952.18,2025-07-10 19:33:02,0
fb7b5c2d-a248-4c8e-ba87-ba80ce98a43f,8289,dev_6231,merch_5085,1905.12,2025-07-10 18:03:33,0
0a56a28b-6585-4b4e-bfcc-defcefe8d183,5465,dev_6445,merch_3204,1750.48,2025-07-10 04:40:50,0
e4710d13-fb01-413f-bc69-bed853137ee1,5220,dev_6576,merch_8578,1208.63,2025-07-10 06:46:36,0
f41164db-ed86-4d43-8b28-6014a1304394,4139,dev_8440,merch_2284,443.5,2025-07-10 05:54:04,0
47d85939-6df2-48df-b043-6459f3e82b65,2572,dev_4067,merch_6895,6187.96,2025-07-10 16:56:36,0
bc72e9ea-c515-49c1-8afa-b7576cfd5f44,7769,dev_5783,merch_7512,0.84,2025-07-09 23:54:35,0
09136846-3176-4628-87f2-09f3ec2631f8,9382,dev_5936,merch_2333,5946.43,2025-07-10 15:14:40,0
b33d7e54-0e7a-4492-8137-27b07467cc81,7696,dev_9758,merch_9732,4132.48,2025-07-10 10:10:09,1
34db710d-8ac1-43eb-b0ab-ed02ed2f225f,9945,dev_2601,merch_1620,4169.61,2025-07-10 05:09:23,0
80b141c7-f0f9-481e-bae3-03105e4043bd,4511,dev_9537,merch_5484,3270.54,2025-07-10 11:48:24,0
179bd366-d6c2-42c1-8f77-a3950f522c25,9424,dev_7070,merch_7650,8331.48,2025-07-10 04:14:21,0
19a34e17-2689-41d2-b32a-32a08a2b746b,4791,dev_2512,merch_5029,2046.03,2025-07-10 05:37:08,0
4295c382-cc7e-42ee-9f6e-5d29ac9cf355,1659,dev_5610,merch_1843,3027.02,2025-07-09 22:06:09,0
b1816832-5cd4-4c12-89c7-fc107b658133,8596,dev_1864,merch_5639,1768.59,2025-07-10 18:41:47,0
b5242d80-02fc-4019-bd2b-3101a69dd417,1468,dev_5906,merch_8665,7691.14,2025-07-10 07:53:33,0
a231c29a-3916-49e9-b4d6-7d3a828517bd,7545,dev_2360,merch_2764,564.85,2025-07-10 09:01:46,0
d67cdd2e-9367-43aa-ba28-27fa7659a6ee,3258,dev_8776,merch_7234,780.18,2025-07-10 02:12:13,0
c7318655-8836-405f-94e5-d31f1d77643a,4865,dev_7808,merch_9192,6380.48,2025-07-10 13:05:33,0
a8dae69d-81ad-4aca-b146-d3b479726a8e,5174,dev_4831,merch_3997,1503.93,2025-07-10 02:23:27,0
4e01fd65-6b98-493a-a0d3-d275597419f6,8238,dev_2067,merch_3877,1353.88,2025-07-09 22:00:57,0
54f14b7d-799d-4252-830d-ef8c195d56d6,4788,dev_8432,merch_6368,1698.01,2025-07-10 09:24:57,1
7802a67d-b9dd-4548-a233-adb31a5da976,2664,dev_9116,merch_6990,10498.34,2025-07-10 12:40:35,0
c138204b-e0f7-4b8b-851a-4a1bced905df,4529,dev_2366,merch_2902,1627.12,2025-07-10 12:25:58,0
ed3dcd35-3ac0-4643-9266-976ec007e11e,1826,dev_8971,merch_5292,501.21,2025-07-10 09:09:46,0
a0745f2d-2fb4-472f-9657-e838a45f1470,7374,dev_1753,merch_3019,4580.85,2025-07-10 18:55:10,0
e6592166-0dbd-4e94-b8c1-1a4e68864f70,5616,dev_1438,merch_1865,218.83,2025-07-10 17:12:55,0
be5f1ad8-67cf-4b3c-a0c3-e2bcd09afa5b,5450,dev_6081,merch_9023,3113.12,2025-07-10 17:33:59,0
62e67a96-d70d-401b-b861-ed2c3abd064e,2011,dev_5669,merch_7006,675.27,2025-07-10 15:20:39,0
1d1a5e48-57ed-43b7-9af0-ef9fe66cf05c,4038,dev_2527,merch_3149,1601.55,2025-07-10 02:39:22,0
e3e92a35-f473-46f2-b3ef-b2522344f1c1,9329,dev_5845,merch_5044,4680.56,2025-07-10 00:24:12,0
8bd8cfe8-3106-4f3b-8042-8c6f085099c6,8827,dev_4688,merch_7720,2858.84,2025-07-10 05:29:07,0
e754493d-0c7c-46de-9d45-129c85d02ae8,1478,dev_7458,merch_2019,3837.73,2025-07-10 17:51:53,0
3d0236bf-f97e-4f4e-8a9c-84906b28206f,6184,dev_6404,merch_4284,8446.64,2025-07-10 18:42:02,0
4a40dae3-a8cb-4ac0-8354-4de095a71ed9,5976,dev_3890,merch_5851,2296.54,2025-07-10 10:43:13,0
009eb69a-8985-432c-8e4b-e0a75806ee09,3286,dev_7158,merch_6843,656.69,2025-07-10 09:48:21,0
6802d357-45be-4066-b6a7-98b6b607777a,8566,dev_8612,merch_3876,904.69,2025-07-10 08:55:49,0
ff2f5018-a832-43de-9bc3-1f174e6198c8,4549,dev_6104,merch_8423,126.37,2025-07-10 08:24:06,0
1ff55d45-9b62-442b-9df1-8ced2ccd3daa,3075,dev_5248,merch_1152,2707.73,2025-07-10 13:03:05,0
e1b4ed45-c05c-4fd4-9baf-d4533706c569,8356,dev_4567,merch_7356,1458.88,2025-07-10 10:02:04,0
b3a96e67-3bbb-432f-ac25-c3b59a8b02f8,1517,dev_6685,merch_4281,1736.22,2025-07-10 13:42:24,0
047d8657-a300-4f94-a91d-13ec78a7909f,2879,dev_9125,merch_2007,2105.55,2025-07-10 14:09:12,0
d8370169-b6e9-4026-9841-a41ce106adcc,7601,dev_8020,merch_3486,2361.18,2025-07-10 02:54:05,0
c7d53146-003e-453a-9f18-cbf9ca2e0a16,5865,dev_2481,merch_7322,2499.2,2025-07-09 21:36:20,0
b8675cfa-a81f-4142-91a3-438df2aac746,3948,dev_2048,merch_4782,6489.18,2025-07-10 00:44:15,0
bb8393f5-b8e4-4fcc-b12b-f00896c068bb,3143,dev_7731,merch_6622,531.82,2025-07-10 11:21:47,0
2ad78116-ffce-4a6f-bd8e-93d2e9ed9910,5259,dev_3019,merch_7529,2228.82,2025-07-10 02:45:20,0
c38fe021-3580-4fb2-96f6-c23d57f57d35,5724,dev_1057,merch_8292,5985.81,2025-07-10 16:27:19,0
a3460669-878c-4f44-a1a5-26c92184907b,4884,dev_7612,merch_9509,1656.88,2025-07-10 18:11:28,0
261bb362-0552-4c7f-aa3a-c72079cbbcbd,7136,dev_4162,merch_8690,1479.1,2025-07-10 18:40:34,0
7257e363-b1f3-44bc-8223-ee624fd68ac5,4159,dev_8596,merch_5016,227.22,2025-07-10 01:47:57,0
a17fac5a-aa0b-480b-9cbc-a7c60a47790a,3994,dev_9872,merch_7266,4872.09,2025-07-10 21:00:08,0
dd5cf950-1b64-460c-8af5-3c21068a1138,9473,dev_4359,merch_1577,1036.54,2025-07-10 13:40:45,0
630bf1db-d7f8-4b3a-bd43-3146148b5321,4835,dev_9251,merch_3960,1639.15,2025-07-10 13:00:35,0
687b4315-9ddf-4842-8b1c-3371e8fac498,5347,dev_4156,merch_6146,293.02,2025-07-10 11:39:40,0
929a8be1-b613-4b60-b365-08ff3cba920e,2035,dev_1677,merch_6833,3167.46,2025-07-09 21:58:33,0
8621c500-61cb-4480-991e-2f856e730ef0,3873,dev_5069,merch_2116,1231.42,2025-07-10 04:49:39,0
29f6674c-7aa9-4a0b-851a-a42f0663bad6,9076,dev_9851,merch_8625,6581.27,2025-07-10 04:31:01,0
9e4317a3-3d09-4640-aa2d-cf4629d297f0,9261,dev_5315,merch_1715,173.61,2025-07-10 03:13:40,0
784b4577-7dd6-4a00-b12e-9795648d0b4a,3169,dev_6129,merch_3285,1307.16,2025-07-09 22:01:31,0
e79067e7-e9db-4a47-ab0b-2799f51b9d3b,2707,dev_8797,merch_5104,561.54,2025-07-10 00:59:07,0
f234a3c7-0af8-49e1-bd61-fa330a1d5681,5561,dev_7133,merch_2594,1242.03,2025-07-10 18:46:53,0
88af246d-8115-4291-8857-8ba78d5220bb,6173,dev_7182,merch_4044,555.88,2025-07-10 02:31:14,0
b6b5843c-3b00-4758-98e8-2a3cf854a74f,6892,dev_1655,merch_4444,1098.7,2025-07-10 21:11:14,0
ec99dc75-24aa-4d5b-8cf5-292e460a6b61,9320,dev_7269,merch_9949,6478.99,2025-07-09 23:37:36,0
81b199cb-d09b-40e7-a28e-eead2d6a5ff9,7530,dev_4600,merch_2095,1736.29,2025-07-09 22:58:57,0
1dd23211-bef9-43fb-bad6-6928787320da,5950,dev_1816,merch_6770,3170.71,2025-07-10 08:26:49,0
f5a61c5c-9136-408e-a09d-332e572f9d66,7182,dev_2630,merch_7087,457.89,2025-07-10 16:02:34,0
ddd2eab6-bf93-4b8b-8df7-cb9bed85fad4,5742,dev_9338,merch_3162,2234.36,2025-07-10 07:12:19,0
0a3617cb-a42a-456c-9f10-4c5306eef4e2,4837,dev_3244,merch_3272,1450.27,2025-07-10 11:55:43,0
aaec55b3-2e09-4c0a-a0e2-bad05e50611a,3470,dev_8729,merch_7856,1271.92,2025-07-10 04:02:26,0
4fdbe8ab-5cf8-47b6-8520-5f800c6fcdef,2296,dev_3976,merch_9889,7423.17,2025-07-10 08:02:55,0
fac0e462-9ba0-4068-864a-5dca177ae601,2213,dev_1730,merch_3434,7376.27,2025-07-10 06:30:10,0
009ae437-d08b-42e8-a213-65f9e17898ac,6196,dev_3281,merch_7364,6429.14,2025-07-10 05:06:23,0
c59e574d-7a49-4100-8adc-d71436ac3a94,2843,dev_1389,merch_6928,2576.21,2025-07-10 05:31:50,0
9d175320-7412-4240-bded-0fca63fb0a22,3984,dev_4649,merch_2354,6219.95,2025-07-10 07:31:37,0
8dab0eab-b17e-46f1-81c8-635b37da45d3,7580,dev_4894,merch_4918,1200.25,2025-07-10 17:03:27,0
ed8f0f8d-3936-494b-8198-82b6e475ab78,4433,dev_2417,merch_8602,3075.61,2025-07-10 03:26:48,0
c740876d-a982-4b27-9b9a-1e2e87fa5b43,7990,dev_5744,merch_9182,344.0,2025-07-10 11:48:38,0
a18e21d6-ed0e-4131-9863-391ecd6c9d4d,9284,dev_7078,merch_2811,1116.34,2025-07-09 23:32:55,0
7f9e4b74-63bf-44a5-a768-9ba199f7df50,1911,dev_7433,merch_9120,2988.1,2025-07-09 22:07:07,0
bef594e1-762a-4489-9bb5-ef4aa5f052e8,9247,dev_2451,merch_8091,526.75,2025-07-09 21:28:50,0
d0717568-7f0a-483d-bfd6-b1e1f93041ff,9235,dev_1902,merch_2806,7045.82,2025-07-10 06:24:46,0
70e6450e-8327-4286-a47d-085ed4f8da49,3030,dev_1224,merch_2758,7759.2,2025-07-10 10:01:18,0
4f745a46-77d3-4dd1-a3ba-06cd7ae69854,4960,dev_3613,merch_9266,1714.18,2025-07-10 20:22:37,0
a5efc5c5-3a00-4ad7-a17a-5b557d18f86c,6557,dev_4728,merch_2348,21.36,2025-07-10 15:05:12,0
ef266efb-b7b6-416b-8d54-cdd429e596af,9495,dev_8547,merch_6784,2224.1,2025-07-10 12:52:27,0
5b605a13-2a49-4ffd-ae7e-1007267eb268,3581,dev_8688,merch_4967,6139.83,2025-07-10 10:21:30,0
54f7126b-5eef-48c1-becf-9f0534f25ea9,3780,dev_3542,merch_4526,1559.25,2025-07-10 13:17:26,0
f09f20a8-40ca-4cd7-8b8c-aa547f56f782,7927,dev_6316,merch_9616,5414.64,2025-07-10 13:25:53,0
d66246d4-9291-4a39-94fa-0bad335bd884,9909,dev_8535,merch_7054,1598.51,2025-07-10 05:38:00,0
d2840bcd-b799-437e-8f94-395d0587f160,9988,dev_8234,merch_9825,10510.93,2025-07-10 14:38:59,0
d233d54d-eb3d-47f3-ba0c-8336d9dff39a,5602,dev_9157,merch_3580,11204.42,2025-07-10 06:42:59,1
18f7e75e-c100-465c-a167-7324624ed0a0,9303,dev_4800,merch_8078,1572.03,2025-07-10 19:08:00,0
296deae5-941f-47ca-aec1-433a2af3bd3c,7552,dev_5242,merch_2600,2400.41,2025-07-10 03:45:52,0
d5c37a4f-0316-4174-b735-95b54a6971f4,2112,dev_6907,merch_7242,3658.19,2025-07-10 01:34:03,0
cc91d152-b633-47d2-9bf6-1b26f5375c3f,4485,dev_2018,merch_4696,9858.17,2025-07-09 23:01:42,0
a9e64e70-2839-496b-807e-c0fffc30394d,3512,dev_9477,merch_4092,4224.53,2025-07-10 14:42:00,0
98d80aa3-9e6a-4634-a0e8-27dd5b09db20,2671,dev_5850,merch_5955,3966.87,2025-07-10 04:07:13,0
98c20ab5-7673-41be-8a61-3c92ca6c53b5,3617,dev_9726,merch_1568,39.09,2025-07-10 10:20:59,0
322b6d86-afc1-4a5b-a06a-358068d11311,6345,dev_8048,merch_7315,557.13,2025-07-10 12:12:20,0
3d8e7f70-41a1-47f8-8cf7-deda688eecc1,4580,dev_2458,merch_7141,2008.05,2025-07-10 19:11:56,0
f857dc32-bf7c-4ca8-90ca-96b4c2da1e08,1073,dev_4732,merch_1513,5964.32,2025-07-10 02:07:44,0
15f91733-132e-45e0-be9a-7c8ca2ac5150,8756,dev_2065,merch_1937,358.55,2025-07-10 21:11:46,0
f48ed141-1e62-4441-bf54-ad800a1098fc,4062,dev_5831,merch_6837,3775.12,2025-07-10 07:09:18,0
d7d6fba6-74f9-4b04-bf9d-50d8d176a70a,4835,dev_4848,merch_3049,8465.62,2025-07-10 04:25:03,0
63554a9e-4c8e-489f-8e2e-8674b646d82f,4157,dev_6534,merch_3765,378.38,2025-07-10 10:21:41,0
f6040949-47a6-4f66-8218-05e17e2735d6,6864,dev_2199,merch_8254,11628.76,2025-07-10 15:12:06,0
648969e0-18d3-44e4-840d-d62255b3afae,8622,dev_5690,merch_5884,703.13,2025-07-10 10:04:35,0
0c0f0370-7052-4985-bbf7-425b46ac04d2,2339,dev_4244,merch_4569,241.32,2025-07-10 00:32:55,0
bdc62a46-0761-446f-af0c-b466ce5b51a6,3155,dev_2613,merch_9798,609.59,2025-07-10 16:12:08,0
638b7d07-e5e7-493e-9987-060da0925b7e,2599,dev_9429,merch_9670,1783.55,2025-07-10 13:04:13,0
65172425-605e-4d0c-8a14-c1be286c1e9d,3579,dev_3493,merch_2851,3750.57,2025-07-10 13:29:41,0
a25ae1ae-7646-471d-9a7b-744af7992296,2225,dev_7210,merch_8328,840.77,2025-07-10 18:48:43,0
5ad618b6-49ea-41bd-a680-82086f150a4d,2980,dev_5702,merch_4446,1433.79,2025-07-09 23:11:32,0
70f73c22-5d8e-4eed-9240-fd8c2fcb3908,6363,dev_7117,merch_3984,4044.68,2025-07-10 12:19:34,0
17ac689e-18ee-4430-801a-8efede2387bc,9077,dev_2298,merch_2101,10011.23,2025-07-10 05:15:41,0
21a996d9-fb9d-43ad-b627-686223bed010,8128,dev_1494,merch_5431,408.41,2025-07-10 06:24:52,0
f17a6170-6aef-4173-aa3b-619b0cec33de,1781,dev_3769,merch_4974,1120.01,2025-07-10 10:23:12,0
32a9eabc-8116-448c-87f7-f6e06f932d4a,4698,dev_3826,merch_4375,1439.84,2025-07-09 23:52:01,0
7d3ccbf7-dd8d-4d97-aca3-46e1ac707757,3932,dev_1171,merch_9473,435.9,2025-07-10 12:45:59,0
f6b99bb0-cf06-46bf-9b30-6e6d8941d423,5208,dev_1926,merch_2677,13912.01,2025-07-10 00:02:06,0
878dd1ba-9a2e-43a5-ac02-af5c2cc5d298,4834,dev_7941,merch_2835,1280.96,2025-07-10 11:49:25,0
a3d90dd7-8aee-45f5-9807-a3bc87f1df08,8912,dev_8122,merch_3216,4212.37,2025-07-10 04:57:48,0
7d2110d9-1ad9-4e1a-8e17-e1a39b8c6c68,3976,dev_7754,merch_4948,347.1,2025-07-10 03:09:48,0
2a5e340b-f4b1-4135-ad31-f21d56db15b5,6996,dev_6541,merch_7091,8840.2,2025-07-10 15:15:55,0
0edd16fa-caab-4fcf-8df8-2eb4ea689906,1102,dev_7026,merch_5201,1389.84,2025-07-10 21:08:22,0
a7fa9fb3-2355-419d-88b2-9a26c8c1db48,6831,dev_3079,merch_6540,402.67,2025-07-10 01:30:56,0
8a603a7f-e99b-4ca1-85a5-e17c12b69bdb,3834,dev_8685,merch_8338,373.72,2025-07-10 11:24:04,0
54003c49-0ac0-441a-887c-862f5dc42748,9709,dev_5413,merch_2574,25.95,2025-07-10 05:06:03,0
ddc4303f-ad3e-4f4e-8e59-6777afcd94bf,8209,dev_6502,merch_1185,4634.37,2025-07-10 05:35:40,0
d378810f-cca2-48f0-8482-e47fd1703c92,3033,dev_6257,merch_3596,5233.78,2025-07-10 14:06:54,0
f4071e32-da4c-4de1-b8c8-19c30907b13b,4759,dev_9167,merch_6749,687.6,2025-07-10 09:12:30,0
0eda2834-28c0-4676-901c-1dcab27efaa1,3265,dev_5496,merch_6264,8299.17,2025-07-10 18:23:18,0
56cc12fb-fe01-438d-9cd7-f8096d3b4e98,7451,dev_6494,merch_7760,1716.71,2025-07-10 11:06:50,0
c969b813-e28a-47bd-9f7c-6fd0bd5656d2,3035,dev_5660,merch_6028,2955.29,2025-07-10 11:40:24,0
3ae62a79-5425-495c-97ea-14f8b7ee8ede,3167,dev_9752,merch_9053,4132.98,2025-07-10 12:57:26,0
5ef2c2a2-1a08-493a-bb64-935becdadf44,1100,dev_8713,merch_9150,2107.72,2025-07-10 18:15:54,0
f6a38f4c-a521-4700-b30f-145bae560c77,9362,dev_2053,merch_7810,3334.6,2025-07-10 18:20:04,0
70c9cde7-a9cf-4ce5-8a2a-d3499e3339ab,8719,dev_5508,merch_5026,5327.31,2025-07-10 04:07:49,0
6d0f8c1b-bf79-4add-9d5d-89375a0c9333,9372,dev_1879,merch_2002,3590.64,2025-07-10 14:59:03,0
61539632-2744-427b-9ab0-52d6861bf38f,9952,dev_8209,merch_5823,1241.14,2025-07-10 09:57:51,0
12d939d9-d17e-4dd8-ade3-a65eb12485e3,2949,dev_8213,merch_4698,1923.36,2025-07-10 12:26:48,0
29203acd-3621-48c2-97c1-5206e5cd0d06,7110,dev_4528,merch_7950,815.15,2025-07-10 12:51:00,0
31dc1a79-0306-4ba1-a50c-ea2b58c9e11d,1445,dev_3734,merch_7546,28.79,2025-07-10 19:16:21,0
1202d761-6d4d-4af5-b056-b0ff31670d96,9674,dev_9228,merch_9642,3238.05,2025-07-10 02:47:40,0
51033403-f255-460f-a087-f17f9c610f65,4135,dev_9827,merch_9437,1785.34,2025-07-10 03:52:30,0
45a9522c-07e6-41e6-9f8c-c26fb3249e81,7677,dev_5486,merch_7636,1438.88,2025-07-10 13:39:38,0
5b9a0f2f-fa54-4775-ab51-8b360104c664,3502,dev_1300,merch_3888,2981.61,2025-07-10 14:35:05,0
b9c57dd8-0efb-49bd-b575-4c3f4d570229,7669,dev_3885,merch_5710,1306.75,2025-07-09 22:28:46,0
74f7f376-4971-4602-b60d-4dba26208c4d,6467,dev_9063,merch_7534,3366.04,2025-07-10 19:27:38,0
6df0e5c1-ca4b-4990-b42a-97d3238d72df,3764,dev_2792,merch_6264,786.38,2025-07-10 11:16:54,0
ef838e6b-1137-450f-b151-884d925c046b,2584,dev_7096,merch_9211,5722.36,2025-07-10 17:04:42,0
cf814c83-bf0a-46c0-85c3-80422fe8fc2a,9873,dev_7783,merch_6327,803.17,2025-07-10 20:26:05,0
01f89208-3291-483e-9ab4-59ba56d0fa73,4881,dev_8638,merch_9973,4985.11,2025-07-10 14:31:11,0
ada986f4-71ed-4517-8400-d60ec314279f,6168,dev_9179,merch_6885,845.43,2025-07-10 06:39:16,0
b26f8f9e-dd83-4e6a-86d6-d00329288152,5614,dev_5678,merch_1343,690.64,2025-07-10 00:25:53,0
f5aa8e5f-7b60-4d43-b166-d43b97b79a31,6951,dev_1685,merch_7079,1358.51,2025-07-10 14:14:27,0
2faa6c6a-3c9f-4dbb-9785-6dcccdc66cb6,3420,dev_1714,merch_6470,1445.38,2025-07-10 12:56:27,0
9361e355-8070-451e-818a-0182ebdefb5b,4149,dev_1324,merch_1112,6767.37,2025-07-10 17:57:16,0
6f55a9c4-9f21-4d7b-9210-a869351dee34,5971,dev_9589,merch_7645,5503.16,2025-07-10 09:12:20,0
ff69e203-cf9e-466a-85cb-25575ede1a07,7348,dev_5332,merch_8355,10462.3,2025-07-10 05:08:38,0
6b8936e6-fb6a-4364-8c9c-20db60fbe134,2889,dev_2486,merch_4752,1125.37,2025-07-10 12:39:39,0
f33d728c-5565-4652-a54c-391688429531,6722,dev_2483,merch_4305,1916.73,2025-07-10 00:24:31,0
a1017186-1024-40b3-9bed-3d228e1bb0e7,4979,dev_4272,merch_6245,466.35,2025-07-09 22:06:33,0
17a9889f-42f7-413a-8e3a-7c312c99de15,4952,dev_4768,merch_9132,979.06,2025-07-10 13:05:39,0
766ef629-bec3-47ca-89df-d7780140a210,3342,dev_8348,merch_1063,519.47,2025-07-10 01:55:19,0
a16900bb-a952-4dbf-bde6-906574ac40d6,4992,dev_1376,merch_4675,3869.27,2025-07-10 02:51:10,0
bd521959-d5b4-48bb-9609-37f8337b7188,9262,dev_2469,merch_6044,2745.54,2025-07-09 23:04:43,0
fa15dc11-0124-4746-ba98-d60fbcc486c8,2149,dev_9183,merch_6020,1174.26,2025-07-10 06:56:19,0
e439e4da-7064-4a4a-b55c-78bf0f42dbc9,7625,dev_5317,merch_8371,399.97,2025-07-10 11:41:55,0
590be5fa-8066-4a96-9b9f-cdb129b12198,7508,dev_8238,merch_3985,1721.19,2025-07-10 20:08:59,0
46fb0772-18f9-493b-961e-6142c952d5a4,9895,dev_2903,merch_7635,5955.2,2025-07-10 16:18:00,0
c35941e1-705c-41c4-b56c-66411fbac48d,3178,dev_1381,merch_6410,1907.27,2025-07-10 19:06:57,0
86418d33-da7e-4a4a-91d0-27d1a6914c50,8937,dev_6863,merch_1703,4135.81,2025-07-10 16:13:43,0
ce9ee8b0-a94d-4908-8c1b-c2cbec808761,6422,dev_4401,merch_9768,2950.52,2025-07-10 18:24:11,0
dc473d58-34ff-49bb-b535-27b687c14f4c,8985,dev_4161,merch_4427,2213.26,2025-07-10 13:39:23,0
d475ce69-a286-4dc6-b8a7-4f54ff7108d5,1718,dev_1331,merch_7396,3618.21,2025-07-10 16:53:52,0
ddd05b03-6cc4-4e3e-8818-1f14701ea8a1,8247,dev_2586,merch_3228,7178.48,2025-07-10 19:10:05,0
0a9f1ab3-a089-460a-b476-46f978faea4d,5667,dev_9961,merch_4660,15.22,2025-07-10 02:56:26,0
2cce1e74-2884-46b3-a231-20f3a5ad3ca9,6617,dev_4467,merch_5297,12530.19,2025-07-10 14:09:32,0
704ed938-bf46-4149-b13d-a8990d00269a,3187,dev_6273,merch_8814,917.16,2025-07-10 00:43:48,0
61deb203-22b5-4f87-980b-2231cfdb8c35,1657,dev_2632,merch_6708,2409.63,2025-07-10 11:56:31,0
fcead122-4114-439a-b69f-ba163c6283e1,3701,dev_4039,merch_9951,6365.16,2025-07-10 02:38:25,0
eb4e8c19-2980-4797-afb9-26cea871c3b6,5623,dev_7997,merch_9608,5327.19,2025-07-09 23:56:18,0
9f42c138-f490-488b-8cc0-32df9266440a,7164,dev_4474,merch_5124,14.89,2025-07-09 22:59:21,0
b8db4721-e02c-448b-814a-ae2d0f185587,6355,dev_8802,merch_3646,7838.31,2025-07-10 17:27:58,0
fd2af3a0-e809-4ad3-a69e-02958b241795,7184,dev_1676,merch_7402,1857.76,2025-07-10 04:34:48,0
634b96f8-9906-46e5-ad6c-57765d5bf2c2,6511,dev_4660,merch_3425,946.79,2025-07-10 20:07:48,0
9adfd7d5-2dec-4899-9f8f-a2c2b3f62a54,7783,dev_2812,merch_9294,2884.75,2025-07-09 22:17:34,0
1f8939fa-18c1-4a6b-acd3-146a81ac2108,4895,dev_8843,merch_9896,4434.17,2025-07-10 05:47:43,0
fea52d4c-857f-4742-a937-d6e6a4d19651,4076,dev_6053,merch_3909,242.9,2025-07-10 02:08:26,0
a1179543-224c-4112-b5eb-8159f62bc172,8151,dev_5935,merch_7834,13296.89,2025-07-10 05:28:46,0
036acb3f-396d-45d7-87c7-0e099ca0a368,4743,dev_1070,merch_8138,9284.16,2025-07-10 20:56:19,0
1dbbe12e-3c59-43d8-af51-5595149946df,6597,dev_4305,merch_9690,94.1,2025-07-09 21:21:20,0
78070a92-0e59-47be-9b2e-c1c8156ccbb6,5954,dev_3272,merch_1718,5152.21,2025-07-10 10:04:15,0
f5851ce0-636c-46cc-8170-f1342583d35d,7474,dev_2292,merch_4954,2514.9,2025-07-10 18:31:31,0
6cc9d2c6-0327-433f-ab45-2de660804e2c,3394,dev_3933,merch_4500,1734.97,2025-07-10 03:12:23,0
d729924e-4cab-4690-91a9-85da902168f6,8525,dev_4284,merch_8115,1243.1,2025-07-09 21:53:48,0
51275f88-7a2f-47c0-b18e-ce95da844474,7039,dev_3152,merch_1606,8734.61,2025-07-10 19:09:25,0
3f11ea43-e07f-417a-8d9c-c8175bdf3c71,6904,dev_5560,merch_7797,494.57,2025-07-10 01:07:51,0
0d10946c-2a4c-4698-9689-b945a64595e4,8609,dev_8027,merch_4270,1194.55,2025-07-10 11:53:55,0
80438178-13aa-4eb5-8737-65c9a469b2df,3119,dev_5674,merch_1642,1936.04,2025-07-10 04:09:44,0
32a30d90-6e46-4696-a5b1-aa947b627565,6424,dev_5656,merch_8652,2686.62,2025-07-10 08:48:41,0
a28ba149-ac74-4cbb-950a-c8d3bceec5e0,4224,dev_5453,merch_7732,1401.83,2025-07-09 22:04:37,0
76ae0a3c-63e6-4dcd-85c5-61db1596c5f6,5725,dev_3076,merch_8430,175.26,2025-07-10 08:00:55,0
2cb83e2b-26f7-4592-abca-80e8f89c29e6,6183,dev_2979,merch_4224,2055.4,2025-07-09 22:06:27,0
7443978d-a571-4226-9849-e2df2d1ed21a,6706,dev_2439,merch_4957,1891.31,2025-07-10 10:07:22,0
338a26ae-7272-42b4-8bd8-4543093599b6,6319,dev_5277,merch_8421,232.87,2025-07-10 15:15:00,0
9dd8d6c9-ee5d-4c2f-94c7-00ff10cc9545,8974,dev_5888,merch_7316,3421.41,2025-07-10 14:00:07,0
af6c68d6-61f2-4b5f-b47d-8486de2129c4,3813,dev_2051,merch_9323,8266.55,2025-07-10 09:06:43,0
e0c8e138-c482-4e50-aed9-d1e774474035,2385,dev_4375,merch_4040,1458.13,2025-07-10 03:51:49,0
0b36b950-a664-4ecb-98ba-9349a5cc37a4,9141,dev_3800,merch_8177,1360.42,2025-07-09 23:05:04,0
b4f6dfc5-48a5-4ed2-a7a7-0140ea269e2b,6313,dev_7258,merch_9102,8898.4,2025-07-10 20:56:01,0
1f9ad549-ae22-4f24-835a-3ac133b9e2c8,5739,dev_2360,merch_9693,796.93,2025-07-10 07:59:24,0
aedb524a-80e2-4491-b8b9-2be4558b80c7,6024,dev_5505,merch_7610,2879.87,2025-07-10 05:56:10,0
c807613a-9968-4ad0-b3fb-41e5d5a9d034,4099,dev_8328,merch_8051,7100.48,2025-07-10 19:57:49,0
1ba2d962-08e1-43f6-b955-0cecae4544ca,9539,dev_8289,merch_8538,918.02,2025-07-10 16:24:14,0
5a58f8cb-7556-44b0-a4f2-0e807ba60068,3110,dev_1846,merch_4715,2552.12,2025-07-10 03:47:26,0
92782278-660b-4e7f-8630-eb13ee03dbe4,1751,dev_4970,merch_9423,1868.16,2025-07-10 06:50:08,0
6deb80cd-a28f-4c95-b5c9-c4a370d7f102,5008,dev_5801,merch_4881,119.1,2025-07-10 18:28:55,0
0d584f87-db63-4b84-847a-bdb45c88bd4b,6127,dev_8196,merch_5857,2741.85,2025-07-10 02:17:01,0
b7cf9246-ab76-4f46-8f90-09de14663fd1,3590,dev_5967,merch_9036,980.88,2025-07-10 05:19:34,0
a95e6d3b-2478-4dcc-a0f6-530bc443ad9f,3516,dev_2091,merch_1317,2705.21,2025-07-10 08:47:30,0
697aa5cd-9b4a-418e-af69-793be47b2ba0,5422,dev_3264,merch_1343,11936.39,2025-07-10 01:27:33,0
7744550b-0f2e-4280-8abe-048b92480889,1336,dev_9248,merch_6172,5890.63,2025-07-10 10:49:36,0
1eef3661-d6a8-47e3-8b7b-494f0d22398d,6690,dev_4911,merch_8919,2252.79,2025-07-10 14:19:48,0
ec316ffb-7fd9-4faf-8de1-60c583a9691a,8109,dev_3625,merch_4413,234.48,2025-07-10 13:42:31,0
3f924c39-fb39-42ed-adb4-aa579c86b4eb,1169,dev_9585,merch_8381,1437.78,2025-07-10 03:13:31,0
9e443586-7fd1-462d-9f00-b84f4aadf6eb,7234,dev_2935,merch_3437,2.8,2025-07-10 10:10:41,0
d86384ae-af9e-4dc6-9fe0-4fcaffbc3b88,2747,dev_1310,merch_6330,2895.31,2025-07-10 09:00:32,0
18d18b30-8398-40ba-8ff7-bf8be2eb5b96,3595,dev_5102,merch_8752,701.22,2025-07-10 15:30:00,0
9471f585-677b-4bde-919b-f876352af2b7,2672,dev_2748,merch_6835,20.92,2025-07-10 05:50:44,0
0f4df773-ae3b-4580-9c4e-861ae111296b,1111,dev_6880,merch_3109,7207.11,2025-07-10 20:06:48,0
1e55afcc-6475-447b-848a-5140d0924d1b,3808,dev_5081,merch_3097,941.85,2025-07-10 08:36:15,0
24aeabda-b5e5-4de1-8dbb-ac0ea36cf031,4303,dev_5142,merch_3629,2640.0,2025-07-10 13:37:57,0
0093f8a5-cf63-4e22-b00f-f58d770bd78d,4187,dev_5053,merch_8964,392.39,2025-07-10 10:20:25,0
4665742e-90cd-4a28-a5f9-6e4c3c7b0392,6952,dev_9432,merch_3721,2453.75,2025-07-10 20:34:51,0
f5d2d567-ddef-4cdc-9cf7-d0e3f36f1823,5378,dev_9278,merch_2677,4702.16,2025-07-09 21:39:05,0
62961bdc-b7c4-4766-86a1-ecbfd09a5277,3215,dev_7195,merch_4616,270.39,2025-07-10 03:44:27,0
c39519ba-ac06-40a1-853c-c9beb078fa15,6874,dev_6607,merch_1967,1188.9,2025-07-10 02:07:22,0
9f68a883-7453-4cba-aea7-282121b8fff0,4719,dev_8341,merch_2767,1749.88,2025-07-10 13:16:28,0
530fc85c-4b2a-4e6d-ad05-5bb6465c46bc,8509,dev_2742,merch_7584,4061.17,2025-07-09 21:27:08,0
fcc1389a-16e5-4809-a92d-1ef68f122492,3532,dev_6940,merch_4770,309.66,2025-07-10 07:05:55,0
